0.0000000000000000, -0.0000000000000000, -0.0000000000000000, 0.2000000000000000, 1.0000000000000000, -0.0000000000000000, 0.0000000000000000, 0.0000000000000000, -0.0000000000000000, 0.0000000000000000, -0.0000000000000000, 0.0000000000000000, 0.0000000000000000, 0.0000000000000000, 0.8883648438913904, -1.8161482537881488, 0.8883648438913904, -1.8161482537881488, -0.8883648438913901, 1.8161482537881488, -0.8883648438913901, 1.8161482537881488, -0.0000000000000000, -0.0000000000000000, -0.0000000000000000, -0.0000000000000000, -0.0000000000000000, -0.0000000000000000, -0.0000000000000000, -0.0000000000000000, -0.0000000000000000, 0.4282135860447872, -0.0000000000000000, 0.4282135860447872, -0.0000000000000000, -0.4282135860447872, -0.0000000000000000, -0.4282135860447872
0.0200000000000000, 0.0000000000000000, 0.0000000000000000, 0.2000000000000000, 1.0000000000000000, 0.0000000000000000, 0.0000000000000000, -0.0000000000000000, 0.0000000000000000, -0.0000000000000000, -0.0388261372697281, 0.0000000000000000, -0.0000000000000000, 0.0000000000000000, 0.8883654542088820, -1.8161495261113021, 0.8883654542088820, -1.8161495261113021, -0.8883654542088818, 1.8161495261113021, -0.8883654542088818, 1.8161495261113021, 0.0000305158745828, -0.0000636161576639, 0.0000305158745828, -0.0000636161576639, -0.0000305158745828, 0.0000636161576639, -0.0000305158745828, 0.0000636161576639, -0.0000000000000000, 0.4464856175951898, -0.0000000000000000, 0.4464856175951898, -0.0000000000000000, -0.4464856175951901, -0.0000000000000000, -0.4464856175951901
0.0400000000000000, 0.0000000000000000, -0.0000000000000000, 0.1992234772546055, 1.0000000000000000, 0.0000000000000000, -0.0000000000000000, 0.0000000000000000, 0.0000000000000000, -0.0000000000000000, -0.0709371551988377, 0.0000000000000001, 0.0000000000000000, 0.0000000000000000, 0.8912705315512208, -1.8222067131727053, 0.8912705315512208, -1.8222067131727053, -0.8912705315512206, 1.8222067131727053, -0.8912705315512206, 1.8222067131727053, 0.1452538671169401, -0.3028593530701618, 0.1452538671169401, -0.3028593530701618, -0.1452538671169401, 0.3028593530701618, -0.1452538671169401, 0.3028593530701618, 0.0000000000000000, 0.4612385262278854, 0.0000000000000000, 0.4612385262278854, -0.0000000000000001, -0.4612385262278854, -0.0000000000000001, -0.4612385262278854
0.0600000000000000, 0.0000000000000000, -0.0000000000000000, 0.1978047341506287, 1.0000000000000000, 0.0000000000000000, 0.0000000000000000, 0.0000000000000000, 0.0000000000000000, -0.0000000000000000, -0.0980248444956986, 0.0000000000000001, -0.0000000000000000, 0.0000000000000000, 0.8965582505930072, -1.8332369939518800, 0.8965582505930072, -1.8332369939518800, -0.8965582505930070, 1.8332369939518800, -0.8965582505930070, 1.8332369939518800, 0.2643859520893188, -0.5515140389587336, 0.2643859520893188, -0.5515140389587336, -0.2643859520893188, 0.5515140389587336, -0.2643859520893188, 0.5515140389587336, -0.0000000000000001, 0.4735195821221277, -0.0000000000000001, 0.4735195821221277, 0.0000000000000000, -0.4735195821221277, 0.0000000000000000, -0.4735195821221277
0.0800000000000000, 0.0000000000000000, -0.0000000000000000, 0.1958442372607147, 1.0000000000000000, 0.0000000000000000, 0.0000000000000000, 0.0000000000000000, -0.0000000000000000, -0.0000000000000000, -0.1213457951940821, 0.0000000000000001, -0.0000000000000000, 0.0000000000000000, 0.9038232086101392, -1.8484030841780561, 0.9038232086101392, -1.8484030841780561, -0.9038232086101390, 1.8484030841780561, -0.9038232086101390, 1.8484030841780561, 0.3632479008566003, -0.7583045113088049, 0.3632479008566003, -0.7583045113088049, -0.3632479008566003, 0.7583045113088049, -0.3632479008566003, 0.7583045113088049, 0.0000000000000000, 0.4843439112608768, 0.0000000000000000, 0.4843439112608768, -0.0000000000000001, -0.4843439112608769, -0.0000000000000001, -0.4843439112608769
0.1000000000000000, 0.0000000000000000, -0.0000000000000000, 0.1934173213568331, 1.0000000000000000, 0.0000000000000000, 0.0000000000000000, 0.0000000000000000, -0.0000000000000000, -0.0000000000000000, -0.1417309789352483, 0.0000000000000005, 0.0000000000000000, 0.0000000000000000, 0.9127506039090962, -1.8670581480909547, 0.9127506039090962, -1.8670581480909547, -0.9127506039090960, 1.8670581480909547, -0.9127506039090960, 1.8670581480909547, 0.4463697649478515, -0.9327531956449309, 0.4463697649478515, -0.9327531956449309, -0.4463697649478515, 0.9327531956449309, -0.4463697649478515, 0.9327531956449309, 0.0000000000000000, 0.4947642459492121, 0.0000000000000000, 0.4947642459492121, -0.0000000000000001, -0.4947642459492121, -0.0000000000000001, -0.4947642459492121
0.1200000000000000, 0.0000000000000000, -0.0000000000000000, 0.1905827017781281, 1.0000000000000000, 0.0000000000000000, 0.0000000000000000, 0.0000000000000000, -0.0000000000000000, -0.0000000000000000, -0.1595801092990738, -0.0000000000000004, 0.0000000000000000, -0.0000000000000000, 0.9230876489291828, -1.8886856329005617, 0.9230876489291828, -1.8886856329005617, -0.9230876489291826, 1.8886856329005617, -0.9230876489291826, 1.8886856329005617, 0.5168522510043294, -1.0813742404803484, 0.5168522510043294, -1.0813742404803484, -0.5168522510043294, 1.0813742404803484, -0.5168522510043294, 1.0813742404803484, 0.0000000000000000, 0.5059347332871612, 0.0000000000000000, 0.5059347332871612, -0.0000000000000001, -0.5059347332871613, -0.0000000000000001, -0.5059347332871613
0.1400000000000000, 0.0000000000000000, -0.0000000000000000, 0.1873910995921466, 1.0000000000000000, 0.0000000000000000, 0.0000000000000000, 0.0000000000000000, -0.0000000000000000, 0.0000000000000000, -0.1748386276158946, -0.0000000000000002, -0.0000000000000000, -0.0000000000000000, 0.9346135932866763, -1.9128363797691639, 0.9346135932866763, -1.9128363797691639, -0.9346135932866760, 1.9128363797691639, -0.9346135932866760, 1.9128363797691639, 0.5762972178746717, -1.2075373434301095, 0.5762972178746717, -1.2075373434301095, -0.5762972178746717, 1.2075373434301095, -0.5762972178746717, 1.2075373434301095, -0.0000000000000001, 0.5191744430735155, -0.0000000000000001, 0.5191744430735155, 0.0000000000000000, -0.5191744430735156, 0.0000000000000000, -0.5191744430735156
0.1600000000000000, -0.0000000000000000, -0.0000000000000000, 0.1838943270398287, 1.0000000000000000, 0.0000000000000000, -0.0000000000000000, 0.0000000000000000, -0.0000000000000000, -0.0000000000000000, -0.1869551549313302, -0.0000000000000001, 0.0000000000000000, -0.0000000000000000, 0.9471084430128612, -1.9390627751550105, 0.9471084430128612, -1.9390627751550105, -0.9471084430128610, 1.9390627751550105, -0.9471084430128610, 1.9390627751550105, 0.6247424863092488, -1.3113197692923295, 0.6247424863092488, -1.3113197692923295, -0.6247424863092488, 1.3113197692923295, -0.6247424863092488, 1.3113197692923295, -0.0000000000000001, 0.5360341463618752, -0.0000000000000001, 0.5360341463618752, 0.0000000000000000, -0.5360341463618753, 0.0000000000000000, -0.5360341463618753
0.1800000000000000, -0.0000000000000000, -0.0000000000000000, 0.1801552239412021, 1.0000000000000000, 0.0000000000000000, 0.0000000000000000, 0.0000000000000000, -0.0000000000000000, -0.0000000000000000, -0.1948171753453667, -0.0000000000000001, 0.0000000000000000, -0.0000000000000000, 0.9603199508212520, -1.9668486433358401, 0.9603199508212520, -1.9668486433358401, -0.9603199508212518, 1.9668486433358401, -0.9603199508212518, 1.9668486433358401, 0.6605753904195377, -1.3892934090414810, 0.6605753904195377, -1.3892934090414810, -0.6605753904195377, 1.3892934090414810, -0.6605753904195377, 1.3892934090414810, 0.0000000000000000, 0.5583677737753667, 0.0000000000000000, 0.5583677737753667, -0.0000000000000001, -0.5583677737753667, -0.0000000000000001, -0.5583677737753667
0.2000000000000000, -0.0000000000000000, -0.0000000000000000, 0.1762588804342948, 1.0000000000000000, -0.0000000000000000, 0.0000000000000000, 0.0000000000000000, -0.0000000000000000, -0.0000000000000000, -0.1966626109884259, -0.0000000000000003, 0.0000000000000000, -0.0000000000000000, 0.9739280363617839, -1.9955326632110073, 0.9739280363617839, -1.9955326632110073, -0.9739280363617837, 1.9955326632110073, -0.9739280363617837, 1.9955326632110073, 0.6804042770265972, -1.4342009937583611, 0.6804042770265972, -1.4342009937583611, -0.6804042770265972, 1.4342009937583611, -0.6804042770265972, 1.4342009937583611, 0.0000000000000000, 0.5884073192875300, 0.0000000000000000, 0.5884073192875300, -0.0000000000000002, -0.5884073192875301, -0.0000000000000002, -0.5884073192875301
0.2200000000000000, -0.0000000000000000, -0.0000000000000000, 0.1723256282145263, 1.0000000000000000, -0.0000000000000000, 0.0000000000000000, 0.0000000000000000, -0.0000000000000000, 0.0000000000000000, -0.1899648568343029, 0.0000000000000004, -0.0000000000000000, 0.0000000000000000, 0.9875053594727717, -2.0242221417267787, 0.9875053594727717, -2.0242221417267787, -0.9875053594727715, 2.0242221417267787, -0.9875053594727715, 2.0242221417267787, 0.6788661555493902, -1.4344739257885708, 0.6788661555493902, -1.4344739257885708, -0.6788661555493902, 1.4344739257885708, -0.6788661555493902, 1.4344739257885708, -0.0000000000000001, 0.6288363918806893, -0.0000000000000001, 0.6288363918806893, 0.0000000000000002, -0.6288363918806893, 0.0000000000000002, -0.6288363918806893
0.2400000000000000, -0.0000000000000000, -0.0000000000000000, 0.1685263310778402, 1.0000000000000000, 0.0000000000000000, 0.0000000000000000, 0.0000000000000000, -0.0000000000000000, -0.0000000000000000, -0.1712888126746295, 0.0000000000000005, -0.0000000000000000, 0.0000000000000000, 1.0004721476767060, -2.0516927804827541, 1.0004721476767060, -2.0516927804827541, -1.0004721476767060, 2.0516927804827541, -1.0004721476767060, 2.0516927804827541, 0.6483394101967133, -1.3735319377987665, 0.6483394101967133, -1.3735319377987665, -0.6483394101967244, 1.3735319377987665, -0.6483394101967244, 1.3735319377987665, 0.0000000000000000, 0.6828523569209677, 0.0000000000000000, 0.6828523569209677, 0.0000000000000000, -0.6828523569209677, 0.0000000000000000, -0.6828523569209677
0.2600000000000000, -0.0000000000000000, -0.0000000000000000, 0.1651005548243476, 1.0000000000000000, 0.0000000000000000, 0.0000000000000000, 0.0000000000000000, -0.0000000000000000, -0.0000000000000000, -0.1361155369566402, -0.0000000000000007, -0.0000000000000000, -0.0000000000000000, 1.0120422986834616, -2.0762683411785163, 1.0120422986834616, -2.0762683411785163, -1.0120422986834616, 2.0762683411785163, -1.0120422986834616, 2.0762683411785163, 0.5785075503377812, -1.2287780347881139, 0.5785075503377812, -1.2287780347881139, -0.5785075503377812, 1.2287780347881139, -0.5785075503377812, 1.2287780347881139, 0.0000000000000002, 0.7541985805399024, 0.0000000000000002, 0.7541985805399024, -0.0000000000000001, -0.7541985805399024, -0.0000000000000001, -0.7541985805399024
0.2800000000000000, -0.0000000000000000, -0.0000000000000000, 0.1623782440852148, 1.0000000000000000, -0.0000000000000000, -0.0000000000000000, 0.0000000000000000, -0.0000000000000000, 0.0000000000000000, -0.0786334218806935, -0.0000000000000001, -0.0000000000000000, -0.0000000000000000, 1.0211557576955317, -2.0956713470008799, 1.0211557576955317, -2.0956713470008799, -1.0211557576955317, 2.0956713470008799, -1.0211557576955317, 2.0956713470008799, 0.4556729506035029, -0.9701502911181770, 0.4556729506035029, -0.9701502911181770, -0.4556729506035029, 0.9701502911181770, -0.4556729506035029, 0.9701502911181770, -0.0000000000000001, 0.8471336117252937, -0.0000000000000001, 0.8471336117252937, 0.0000000000000002, -0.8471336117252937, 0.0000000000000002, -0.8471336117252937
0.3000000000000000, -0.0000000000000000, -0.0000000000000000, 0.1608055756476010, 1.0000000000000000, -0.0000000000000000, -0.0000000000000000, 0.0000000000000000, -0.0000000000000000, 0.0000000000000000, 0.0085056641378866, 0.0000000000000001, 0.0000000000000000, -0.0000000000000000, 1.0263883704713350, -2.1068310792237130, 1.0263883704713350, -2.1068310792237130, -1.0263883704713350, 2.1068310792237130, -1.0263883704713350, 2.1068310792237130, 0.2616306387901668, -0.5579866111416587, 0.2616306387901668, -0.5579866111416587, -0.2616306387901668, 0.5579866111416587, -0.2616306387901668, 0.5579866111416587, 0.0000000000000001, 0.9662763527997427, 0.0000000000000001, 0.9662763527997427, 0.0000000000000001, -0.9662763527997426, 0.0000000000000001, -0.9662763527997426
0.3200000000000000, -0.0000000000000000, -0.0000000000000000, 0.1609756889303587, 1.0000000000000000, -0.0000000000000000, -0.0000000000000000, -0.0000000000000000, -0.0000000000000000, 0.0000000000000000, 0.1344658974092607, 0.0000000000000002, -0.0000000000000000, -0.0000000000000000, 1.0258234533281048, -2.1056255679877816, 1.0258234533281048, -2.1056255679877816, -1.0258234533281048, 2.1056255679877816, -1.0258234533281048, 2.1056255679877816, -0.0282458571615130, 0.0602755617965745, -0.0282458571615130, 0.0602755617965745, 0.0282458571615130, -0.0602755617965745, 0.0282458571615130, -0.0602755617965745, 0.0000000000000003, 1.1162097526891737, 0.0000000000000003, 1.1162097526891737, -0.0000000000000001, -1.1162097526891737, -0.0000000000000001, -1.1162097526891737
0.3400000000000000, -0.0000000000000000, -0.0000000000000000, 0.1636650068785439, 1.0000000000000000, 0.0000000000000000, -0.0000000000000000, -0.0000000000000000, -0.0000000000000000, -0.0000000000000000, 0.3105418858404786, 0.0000000000000002, -0.0000000000000000, -0.0000000000000000, 1.0168567822522749, -2.0865134251326509, 1.0168567822522749, -2.0865134251326509, -1.0168567822522749, 2.0865134251326509, -1.0168567822522749, 2.0865134251326509, -0.4483335537914912, 0.9556071427565316, -0.4483335537914912, 0.9556071427565316, 0.4483335537914912, -0.9556071427565316, 0.4483335537914912, -0.9556071427565316, -0.0000000000000002, 1.3006040627701034, -0.0000000000000002, 1.3006040627701034, 0.0000000000000003, -1.3006040627701034, 0.0000000000000003, -1.3006040627701034
0.3600000000000000, -0.0000000000000000, -0.0000000000000000, 0.1698758445953535, 1.0000000000000000, 0.0000000000000000, -0.0000000000000000, -0.0000000000000000, -0.0000000000000000, -0.0000000000000000, 0.5505050328695823, 0.0000000000000000, -0.0000000000000000, -0.0000000000000000, 0.9958825317781050, -2.0419611693367137, 0.9958825317781050, -2.0419611693367137, -0.9958825317781048, 2.0419611693367137, -0.9958825317781048, 2.0419611693367137, -1.0487125237084949, 2.2276127897968623, -1.0487125237084949, 2.2276127897968623, 1.0487125237085060, -2.2276127897968623, 1.0487125237085060, -2.2276127897968623, 0.0000000000000001, 1.5203470062276874, 0.0000000000000001, 1.5203470062276874, -0.0000000000000002, -1.5203470062276876, -0.0000000000000002, -1.5203470062276876
0.3800000000000000, -0.0000000000000000, -0.0000000000000000, 0.1808859452527451, 1.0000000000000000, 0.0000000000000000, -0.0000000000000000, -0.0000000000000000, -0.0000000000000000, -0.0000000000000000, 0.8709760420395614, 0.0000000000000001, -0.0000000000000001, 0.0000000000000000, 0.9577496224929244, -1.9614381908888807, 0.9577496224929244, -1.9614381908888807, -0.9577496224929242, 1.9614381908888807, -0.9577496224929242, 1.9614381908888807, -1.9066454642590325, 4.0261489223916476, -1.9066454642590325, 4.0261489223916476, 1.9066454642590325, -4.0261489223916476, 1.9066454642590325, -4.0261489223916476, -0.0000000000000002, 1.7695145674228530, -0.0000000000000002, 1.7695145674228530, 0.0000000000000002, -1.7695145674228530, 0.0000000000000002, -1.7695145674228530
0.4000000000000000, -0.0000000000000000, -0.0000000000000000, 0.1983054660935363, 1.0000000000000000, 0.0000000000000000, -0.0000000000000000, -0.0000000000000000, -0.0000000000000000, -0.0000000000000000, 1.2918136880754389, 0.0000000000000002, 0.0000000000000000, 0.0000000000000000, 0.8946945902966424, -1.8293485888759420, 0.8946945902966424, -1.8293485888759420, -0.8946945902966422, 1.8293485888759420, -0.8946945902966422, 1.8293485888759420, -3.1527516098140973, 6.6044801006469367, -3.1527516098140973, 6.6044801006469367, 3.1527516098140973, -6.6044801006469367, 3.1527516098140973, -6.6044801006469367, -0.0000000000000002, 2.0262905289441684, -0.0000000000000002, 2.0262905289441684, -0.0000000000000002, -2.0262905289441688, -0.0000000000000002, -2.0262905289441688
0.4200000000000000, -0.0000000000000000, -0.0000000000000000, 0.2241417398550451, 1.0000000000000000, 0.0000000000000000, -0.0000000000000000, -0.0000000000000000, 0.0000000000000000, -0.0000000000000000, 1.8365044987276322, -0.0000000000000001, -0.0000000000000000, 0.0000000000000000, 0.8538929311758079, -1.7444171637810582, 0.8538929311758081, -1.7444171637810584, -0.8538929311758077, 1.7444171637810582, -0.8538929311758079, 1.7444171637810584, -2.0400829560417275, 4.2465712547441914, -2.0400829560417164, 4.2465712547441798, 2.0400829560417275, -4.2465712547441914, 2.0400829560417164, -4.2465712547441798, -0.0000000000000000, 0.0000083267027644, -0.0000000000000000, 0.0000083267027644, 0.0000000000000000, -0.0000083267027644, 0.0000000000000000, -0.0000083267027644
0.4400000000000000, -0.0000000000000000, -0.0000000000000000, 0.2608718298295978, 1.0000000000000000, 0.0000000000000000, -0.0000000000000000, 0.0000000000000000, 0.0000000000000000, -0.0000000000000000, 1.6403076490044362, -0.0000000000000000, -0.0000000000000000, 0.0000000000000000, 0.7744790911597181, -1.5800097209283748, 0.7744790911597181, -1.5800097209283748, -0.7744790911597179, 1.5800097209283748, -0.7744790911597179, 1.5800097209283748, -3.9706920008044877, 8.2203721426341687, -3.9706920008044988, 8.2203721426341794, 3.9706920008044877, -8.2203721426341687, 3.9706920008044988, -8.2203721426341794, -0.0000000000000000, 0.0000036311158191, -0.0000000000000000, 0.0000036311158191, -0.0000000000000000, -0.0000036311158191, -0.0000000000000000, -0.0000036311158191
0.4600000000000000, -0.0000000000000000, -0.0000000000000000, 0.2936779828096865, 1.0000000000000000, 0.0000000000000000, -0.0000000000000000, 0.0000000000000000, 0.0000000000000000, -0.0000000000000000, 1.4441091298387656, -0.0000000000000000, -0.0000000000000000, 0.0000000000000000, 0.7160966203155905, -1.4597196603415385, 0.7160966203155905, -1.4597196603415385, -0.7160966203155903, 1.4597196603415385, -0.7160966203155903, 1.4597196603415385, -2.9191235422063810, 6.0145030293418111, -2.9191235422063810, 6.0145030293418111, 2.9191235422063810, -6.0145030293418111, 2.9191235422063810, -6.0145030293418111, -0.0000000000000000, 0.0000021264926427, -0.0000000000000000, 0.0000021264926427, -0.0000000000000000, -0.0000021264926427, -0.0000000000000000, -0.0000021264926427
0.4800000000000000, -0.0000000000000000, -0.0000000000000000, 0.3225601654064618, 1.0000000000000000, 0.0000000000000000, -0.0000000000000000, 0.0000000000000000, 0.0000000000000000, -0.0000000000000000, 1.2479100537337573, -0.0000000000000001, -0.0000000000000000, 0.0000000000000000, 0.6806796478558758, -1.3869326831556883, 0.6806796478558758, -1.3869326831556883, -0.6806796478558755, 1.3869326831556883, -0.6806796478558755, 1.3869326831556883, -1.7708486229857379, 3.6393488592925127, -1.7708486229857379, 3.6393488592925127, 1.7708486229857379, -3.6393488592925127, 1.7708486229857379, -3.6393488592925127, -0.0000000000000000, 0.0000014444533425, -0.0000000000000000, 0.0000014444533425, -0.0000000000000000, -0.0000014444533425, -0.0000000000000000, -0.0000014444533425
0.5000000000000000, -0.0000000000000000, -0.0000000000000000, 0.3475183664811370, 1.0000000000000000, 0.0000000000000000, -0.0000000000000000, 0.0000000000000000, 0.0000000000000000, -0.0000000000000000, 1.0517107083521009, -0.0000000000000001, -0.0000000000000000, 0.0000000000000000, 0.6660529955794747, -1.3569080307755492, 0.6660529955794747, -1.3569080307755492, -0.6660529955794745, 1.3569080307755492, -0.6660529955794745, 1.3569080307755492, -0.7313326138200515, 1.5012326190069536, -0.7313326138200515, 1.5012326190069536, 0.7313326138200515, -1.5012326190069536, 0.7313326138200515, -1.5012326190069536, -0.0000000000000000, 0.0000010899082133, -0.0000000000000000, 0.0000010899082133, -0.0000000000000000, -0.0000010899082133, -0.0000000000000000, -0.0000010899082133
0.5200000000000000, -0.0000000000000000, -0.0000000000000000, 0.3685525806481790, 1.0000000000000000, 0.0000000000000000, -0.0000000000000000, 0.0000000000000000, 0.0000000000000000, -0.0000000000000000, 0.8555112114328517, -0.0000000000000000, -0.0000000000000000, 0.0000000000000000, 0.6665742457148084, -1.3579776882867705, 0.6665742457148082, -1.3579776882867700, -0.6665742457148079, 1.3579776882867700, -0.6665742457148079, 1.3579776882867700, 0.0260625067666831, -0.0534828755610617, 0.0260625067666720, -0.0534828755610395, -0.0260625067666720, 0.0534828755610395, -0.0260625067666720, 0.0534828755610395, -0.0000000000000000, 0.0000008911740889, -0.0000000000000000, 0.0000008911740889, -0.0000000000000000, -0.0000008911740889, -0.0000000000000000, -0.0000008911740889
0.5400000000000000, -0.0000000000000000, -0.0000000000000000, 0.3856628048768360, 1.0000000000000000, 0.0000000000000000, -0.0000000000000000, 0.0000000000000000, 0.0000000000000000, -0.0000000000000000, 0.6593116225091290, -0.0000000000000000, -0.0000000000000000, 0.0000000000000000, 0.6747873538898910, -1.3748350167390710, 0.6747873538898910, -1.3748350167390710, -0.6747873538898908, 1.3748350167390710, -0.6747873538898908, 1.3748350167390710, 0.4106554087541292, -0.8428664226150295, 0.4106554087541403, -0.8428664226150517, -0.4106554087541403, 0.8428664226150517, -0.4106554087541403, 0.8428664226150517, -0.0000000000000000, 0.0000007742776362, -0.0000000000000000, 0.0000007742776362, -0.0000000000000000, -0.0000007742776362, -0.0000000000000000, -0.0000007742776362
0.5600000000000001, -0.0000000000000000, -0.0000000000000000, 0.3988490373270186, 1.0000000000000000, 0.0000000000000000, -0.0000000000000000, 0.0000000000000000, 0.0000000000000000, -0.0000000000000000, 0.4631119759856563, -0.0000000000000000, -0.0000000000000000, 0.0000000000000000, 0.6831514618498740, -1.3920086101396822, 0.6831514618498740, -1.3920086101396822, -0.6831514618498737, 1.3920086101396822, -0.6831514618498737, 1.3920086101396822, 0.4182053979991496, -0.8586796700305599, 0.4182053979991496, -0.8586796700305599, -0.4182053979991496, 0.8586796700305599, -0.4182053979991496, 0.8586796700305599, -0.0000000000000000, 0.0000007039829425, -0.0000000000000000, 0.0000007039829425, -0.0000000000000000, -0.0000007039829425, -0.0000000000000000, -0.0000007039829425
0.5800000000000000, -0.0000000000000000, -0.0000000000000000, 0.4081112768467317, 1.0000000000000000, 0.0000000000000000, -0.0000000000000000, 0.0000000000000000, 0.0000000000000000, -0.0000000000000000, 0.2669122940569530, -0.0000000000000000, -0.0000000000000000, 0.0000000000000000, 0.6851523508285471, -1.3961179041925342, 0.6851523508285471, -1.3961179041925342, -0.6851523508285469, 1.3961179041925342, -0.6851523508285469, 1.3961179041925342, 0.1000444489336560, -0.2054647026425993, 0.1000444489336560, -0.2054647026425993, -0.1000444489336560, 0.2054647026425993, -0.1000444489336560, 0.2054647026425993, -0.0000000000000000, 0.0000006627285133, -0.0000000000000000, 0.0000006627285133, -0.0000000000000000, -0.0000006627285133, -0.0000000000000000, -0.0000006627285133
0.6000000000000000, -0.0000000000000000, -0.0000000000000000, 0.4134495227278708, 1.0000000000000000, 0.0000000000000000, -0.0000000000000000, 0.0000000000000000, 0.0000000000000000, -0.0000000000000000, 0.0707125927550752, -0.0000000000000000, -0.0000000000000000, 0.0000000000000000, 0.6759277285489318, -1.3771761082400014, 0.6759277285489318, -1.3771761082400009, -0.6759277285489316, 1.3771761082400014, -0.6759277285489316, 1.3771761082400009, -0.4612311139807646, 0.9470897976266435, -0.4612311139807646, 0.9470897976266657, 0.4612311139807646, -0.9470897976266435, 0.4612311139807646, -0.9470897976266657, -0.0000000000000000, 0.0000006416227112, -0.0000000000000000, 0.0000006416227112, -0.0000000000000000, -0.0000006416227112, -0.0000000000000000, -0.0000006416227112
0.6200000000000000, -0.0000000000000000, -0.0000000000000000, 0.4148637745829723, 1.0000000000000000, 0.0000000000000000, -0.0000000000000000, 0.0000000000000000, 0.0000000000000000, -0.0000000000000000, -0.1254871147453083, -0.0000000000000000, -0.0000000000000000, 0.0000000000000000, 0.6530033007403135, -1.3301364479979378, 0.6530033007403135, -1.3301364479979378, -0.6530033007403133, 1.3301364479979378, -0.6530033007403133, 1.3301364479979378, -1.1462213904309126, 2.3519830121031760, -1.1462213904309126, 2.3519830121031537, 1.1462213904309126, -2.3519830121031760, 1.1462213904309126, -2.3519830121031537, -0.0000000000000000, 0.0000006363198483, -0.0000000000000000, 0.0000006363198483, -0.0000000000000000, -0.0000006363198483, -0.0000000000000000, -0.0000006363198483
0.6400000000000000, -0.0000000000000000, -0.0000000000000000, 0.4123540322880661, 1.0000000000000000, 0.0000000000000000, -0.0000000000000000, 0.0000000000000000, 0.0000000000000000, -0.0000000000000000, -0.3216868160468258, -0.0000000000000000, -0.0000000000000000, 0.0000000000000000, 0.6172080233002550, -1.2567734766535272, 0.6172080233002554, -1.2567734766535281, -0.6172080233002548, 1.2567734766535272, -0.6172080233002551, 1.2567734766535281, -1.7897638720029252, 3.6681485672205305, -1.7897638720029085, 3.6681485672204861, 1.7897638720029252, -3.6681485672205305, 1.7897638720029085, -3.6681485672204861, -0.0000000000000000, 0.0000006454569319, -0.0000000000000000, 0.0000006454569319, -0.0000000000000000, -0.0000006454569319, -0.0000000000000000, -0.0000006454569319
0.6600000000000000, -0.0000000000000000, -0.0000000000000000, 0.4059202959671296, 1.0000000000000000, 0.0000000000000000, -0.0000000000000000, 0.0000000000000000, 0.0000000000000000, -0.0000000000000000, -0.5178864979748141, -0.0000000000000000, -0.0000000000000000, 0.0000000000000000, 0.5721044696692289, -1.1644656114837626, 0.5721044696692289, -1.1644656114837626, -0.5721044696692287, 1.1644656114837626, -0.5721044696692287, 1.1644656114837626, -2.2551776815513067, 4.6153932584882318, -2.2551776815513236, 4.6153932584882762, 2.2551776815513067, -4.6153932584882318, 2.2551776815513236, -4.6153932584882762, 0.0000000000000000, 0.0000006710040053, 0.0000000000000000, 0.0000006710040053, 0.0000000000000000, -0.0000006710040053, 0.0000000000000000, -0.0000006710040053
0.6800000000000000, -0.0000000000000000, -0.0000000000000000, 0.3955625660076333, 1.0000000000000000, 0.0000000000000000, -0.0000000000000000, 0.0000000000000000, 0.0000000000000000, -0.0000000000000000, -0.7140861444972196, -0.0000000000000000, -0.0000000000000000, 0.0000000000000000, 0.5238202665792119, -1.0657880714386265, 0.5238202665792119, -1.0657880714386265, -0.5238202665792117, 1.0657880714386265, -0.5238202665792117, 1.0657880714386265, -2.4142101545008510, 4.9338770022568035, -2.4142101545008510, 4.9338770022568035, 2.4142101545008510, -4.9338770022568035, 2.4142101545008510, -4.9338770022568035, 0.0000000000000000, 0.0000007209470760, 0.0000000000000000, 0.0000007209470760, 0.0000000000000000, -0.0000007209470760, 0.0000000000000000, -0.0000007209470760
0.7000000000000001, -0.0000000000000000, -0.0000000000000000, 0.3812808431176890, 1.0000000000000000, -0.0000000000000000, -0.0000000000000000, 0.0000000000000000, 0.0000000000000000, -0.0000000000000000, -0.9102857334195040, -0.0000000000000000, -0.0000000000000000, 0.0000000000000000, 0.4815317687401349, -0.9794645326257828, 0.4815317687401344, -0.9794645326257821, -0.4815317687401343, 0.9794645326257821, -0.4815317687401348, 0.9794645326257828, -2.1144248919538504, 4.3161769406421859, -2.1144248919538753, 4.3161769406422188, 2.1144248919538700, -4.3161769406422188, 2.1144248919538451, -4.3161769406421859, 0.0000000000000000, 0.0000008169434123, 0.0000000000000000, 0.0000008169434123, 0.0000000000000000, -0.0000008169434123, 0.0000000000000000, -0.0000008169434123
0.7200000000000000, -0.0000000000000000, -0.0000000000000000, 0.3630751284492988, 1.0000000000000000, -0.0000000000000000, -0.0000000000000000, 0.0000000000000000, 0.0000000000000000, -0.0000000000000000, -1.1064852303368622, -0.0000000000000000, -0.0000000000000000, 0.0000000000000000, 0.4574758035315770, -0.9303955841935434, 0.4574758035315770, -0.9303955841935434, -0.4574758035315769, 0.9303955841935434, -0.4574758035315769, 0.9303955841935434, -1.2027982604278924, 2.4534474216119704, -1.2027982604278675, 2.4534474216119371, 1.2027982604278675, -2.4534474216119371, 1.2027982604278924, -2.4534474216119704, 0.0000000000000000, 0.0000010137837232, 0.0000000000000000, 0.0000010137837232, 0.0000000000000000, -0.0000010137837232, 0.0000000000000000, -0.0000010137837232
0.7400000000000000, -0.0000000000000000, -0.0000000000000000, 0.3409454238425616, 1.0000000000000000, -0.0000000000000000, -0.0000000000000000, 0.0000000000000000, 0.0000000000000000, -0.0000000000000000, -1.3026845757159113, -0.0000000000000000, -0.0000000000000000, 0.0000000000000000, 0.4639547183080444, -0.9436087429080932, 0.4639547183080446, -0.9436087429080937, -0.4639547183080445, 0.9436087429080937, -0.4639547183080442, 0.9436087429080932, 0.3239457388233669, -0.6606579357274878, 0.3239457388233780, -0.6606579357275155, -0.3239457388233780, 0.6606579357275155, -0.3239457388233669, 0.6606579357274878, 0.0000000000000000, 0.0000014496030920, 0.0000000000000000, 0.0000014496030920, 0.0000000000000000, -0.0000014496030920, 0.0000000000000000, -0.0000014496030920
0.7600000000000000, -0.0000000000000000, -0.0000000000000000, 0.3148917323282434, 1.0000000000000000, -0.0000000000000000, -0.0000000000000000, 0.0000000000000000, 0.0000000000000000, -0.0000000000000000, -1.4988836518167330, -0.0000000000000000, -0.0000000000000000, 0.0000000000000000, 0.5066583376733450, -1.0307449565039561, 0.5066583376733452, -1.0307449565039568, -0.5066583376733448, 1.0307449565039561, -0.5066583376733450, 1.0307449565039568, 2.1351809682650322, -4.3568106797931492, 2.1351809682650322, -4.3568106797931545, -2.1351809682650158, 4.3568106797931216, -2.1351809682650380, 4.3568106797931829, 0.0000000000000000, 0.0000025195607761, 0.0000000000000000, 0.0000025195607761, 0.0000000000000000, -0.0000025195607761, 0.0000000000000000, -0.0000025195607761
0.7800000000000000, -0.0000000000000000, -0.0000000000000000, 0.2849140592919087, 1.0000000000000000, -0.0000000000000000, -0.0000000000000000, 0.0000000000000000, 0.0000000000000000, -0.0000000000000000, -1.6950821709732498, -0.0000000000000000, -0.0000000000000000, 0.0000000000000000, 0.5810126094764528, -1.1826861006911213, 0.5810126094764528, -1.1826861006911213, -0.5810126094764526, 1.1826861006911213, -0.5810126094764526, 1.1826861006911213, 3.7177135901553915, -7.5970572093582600, 3.7177135901553804, -7.5970572093582263, -3.7177135901553915, 7.5970572093582600, -3.7177135901553804, 7.5970572093582263, 0.0000000000000000, 0.0000060627048395, 0.0000000000000000, 0.0000060627048395, 0.0000000000000000, -0.0000060627048394, 0.0000000000000000, -0.0000060627048394
0.8000000000000000, -0.0000000000000000, -0.0000000000000000, 0.2510124158724438, 1.0000000000000000, -0.0000000000000000, -0.0000000000000000, 0.0000000000000000, 0.0000000000000000, -0.0000000000000000, -1.8912790206615500, -0.0000000000000000, -0.0000000000000000, 0.0000000000000000, 0.6757132744675287, -1.3767358432787564, 0.6757132744675287, -1.3767358432787564, -0.6757132744675285, 1.3767358432787564, -0.6757132744675285, 1.3767358432787564, 4.7350332495537941, -9.7024871293817530, 4.7350332495537941, -9.7024871293817530, -4.7350332495537941, 9.7024871293817530, -4.7350332495537941, 9.7024871293817530, -0.0000000000000006, 1.7037367422627663, -0.0000000000000006, 1.7037367422627663, 0.0000000000000003, -1.7037367422627665, 0.0000000000000003, -1.7037367422627665
0.8200000000000001, -0.0000000000000000, -0.0000000000000000, 0.2131868354592127, 1.0000000000000000, -0.0000000000000000, -0.0000000000000000, 0.0000000000000000, 0.0000000000000000, 0.0000000000000000, -1.3105806237849782, -0.0000000000000001, 0.0000000000000001, 0.0000000000000000, 0.8377738659583086, -1.7109591644210052, 0.8377738659583086, -1.7109591644210052, -0.8377738659583084, 1.7109591644210052, -0.8377738659583084, 1.7109591644210052, 8.1030295745389953, -10.0000000000000000, 8.1030295745389953, -10.0000000000000000, -8.1030295745389953, 10.0000000000000000, -8.1030295745389953, 10.0000000000000000, -0.0000000000000000, 1.6717706751653156, -0.0000000000000000, 1.6717706751653156, -0.0000000000000006, -1.6717706751653159, -0.0000000000000006, -1.6717706751653159
0.8400000000000000, -0.0000000000000000, -0.0000000000000000, 0.1869752229835132, 1.0000000000000000, -0.0000000000000000, -0.0000000000000000, 0.0000000000000000, 0.0000000000000000, 0.0000000000000000, -0.8651956588010467, -0.0000000000000000, -0.0000000000000000, 0.0000000000000000, 0.9361064904094123, -1.9159673867318670, 0.9361064904094123, -1.9159673867318670, -0.9361064904094121, 1.9159673867318670, -0.9361064904094121, 1.9159673867318670, 4.9166312225551847, -10.0000000000000000, 4.9166312225551847, -10.0000000000000000, -4.9166312225551847, 10.0000000000000000, -4.9166312225551847, 10.0000000000000000, 0.0000000000000001, 1.5031127983705108, 0.0000000000000001, 1.5031127983705108, 0.0000000000000001, -1.5031127983705108, 0.0000000000000001, -1.5031127983705108
0.8600000000000000, -0.0000000000000000, -0.0000000000000000, 0.1696713098074922, 1.0000000000000000, -0.0000000000000000, -0.0000000000000000, 0.0000000000000000, 0.0000000000000000, 0.0000000000000000, -0.5290240105202989, -0.0000000000000000, 0.0000000000000000, 0.0000000000000000, 0.9965792953224557, -2.0434379554180531, 0.9965792953224557, -2.0434379554180531, -0.9965792953224555, 2.0434379554180531, -0.9965792953224555, 2.0434379554180531, 3.0236402456521705, -6.3735284343093053, 3.0236402456521705, -6.3735284343093053, -3.0236402456521705, 6.3735284343093053, -3.0236402456521705, 6.3735284343093053, -0.0000000000000002, 1.3104171185206701, -0.0000000000000002, 1.3104171185206701, 0.0000000000000001, -1.3104171185206703, 0.0000000000000001, -1.3104171185206703
0.8800000000000000, -0.0000000000000000, -0.0000000000000000, 0.1590908295970863, 1.0000000000000000, -0.0000000000000000, -0.0000000000000000, 0.0000000000000000, 0.0000000000000000, 0.0000000000000000, -0.2800959057418424, 0.0000000000000007, -0.0000000000000000, 0.0000000000000000, 1.0320671020286014, -2.1189588909846342, 1.0320671020286014, -2.1189588909846342, -1.0320671020286014, 2.1189588909846342, -1.0320671020286014, 2.1189588909846342, 1.7743903353072854, -3.7760467783290563, 1.7743903353072854, -3.7760467783290563, -1.7743903353072965, 3.7760467783290563, -1.7743903353072965, 3.7760467783290563, 0.0000000000000001, 1.1322099072964691, 0.0000000000000001, 1.1322099072964691, 0.0000000000000001, -1.1322099072964691, 0.0000000000000001, -1.1322099072964691
0.9000000000000000, -0.0000000000000000, -0.0000000000000000, 0.1534889114822494, 1.0000000000000000, 0.0000000000000000, -0.0000000000000000, 0.0000000000000000, 0.0000000000000000, 0.0000000000000000, -0.1001001225695148, 0.0000000000000003, 0.0000000000000000, 0.0000000000000000, 1.0504279881576974, -2.1582984433758985, 1.0504279881576974, -2.1582984433758985, -1.0504279881576974, 2.1582984433758985, -1.0504279881576974, 2.1582984433758985, 0.9180443064548016, -1.9669776195632149, 0.9180443064548016, -1.9669776195632149, -0.9180443064548016, 1.9669776195632149, -0.9180443064548016, 1.9669776195632149, 0.0000000000000002, 0.9807238907911787, 0.0000000000000002, 0.9807238907911787, -0.0000000000000001, -0.9807238907911787, -0.0000000000000001, -0.9807238907911787
0.9200000000000000, -0.0000000000000000, -0.0000000000000000, 0.1514869090308591, 1.0000000000000000, 0.0000000000000000, 0.0000000000000000, 0.0000000000000000, 0.0000000000000000, -0.0000000000000000, 0.0260785201815155, -0.0000000000000009, 0.0000000000000000, 0.0000000000000000, 1.0569195186045532, -2.1722570323321277, 1.0569195186045532, -2.1722570323321277, -1.0569195186045532, 2.1722570323321277, -1.0569195186045532, 2.1722570323321277, 0.3245765223427899, -0.6979294478114628, 0.3245765223427899, -0.6979294478114628, -0.3245765223427899, 0.6979294478114628, -0.3245765223427899, 0.6979294478114628, -0.0000000000000001, 0.8577581134231776, -0.0000000000000001, 0.8577581134231776, 0.0000000000000002, -0.8577581134231776, 0.0000000000000002, -0.8577581134231776
0.9400000000000001, -0.0000000000000000, -0.0000000000000000, 0.1520084794344894, 1.0000000000000000, -0.0000000000000000, 0.0000000000000000, 0.0000000000000000, 0.0000000000000000, -0.0000000000000000, 0.1107973830437238, -0.0000000000000003, -0.0000000000000000, -0.0000000000000000, 1.0552319082090076, -2.1686255428346106, 1.0552319082090076, -2.1686255428346106, -1.0552319082090076, 2.1686255428346106, -1.0552319082090076, 2.1686255428346106, -0.0843805197772829, 0.1815744748758563, -0.0843805197772829, 0.1815744748758563, 0.0843805197772829, -0.1815744748758563, 0.0843805197772829, -0.1815744748758563, 0.0000000000000002, 0.7609850888535664, 0.0000000000000002, 0.7609850888535664, -0.0000000000000001, -0.7609850888535664, -0.0000000000000001, -0.7609850888535664
0.9600000000000000, 0.0000000000000000, -0.0000000000000000, 0.1542244270953639, 1.0000000000000000, -0.0000000000000000, 0.0000000000000000, 0.0000000000000000, 0.0000000000000000, 0.0000000000000000, 0.1640607236716580, 0.0000000000000003, -0.0000000000000000, -0.0000000000000000, 1.0480339474318812, -2.1531574465159586, 1.0480339474318812, -2.1531574465159586, -1.0480339474318812, 2.1531574465159586, -1.0480339474318812, 2.1531574465159586, -0.3598980388563211, 0.7734048159325990, -0.3598980388563211, 0.7734048159325990, 0.3598980388563211, -0.7734048159325990, 0.3598980388563211, -0.7734048159325990, -0.0000000000000001, 0.6866571466948218, -0.0000000000000001, 0.6866571466948218, 0.0000000000000002, -0.6866571466948218, 0.0000000000000002, -0.6866571466948218
0.9800000000000000, 0.0000000000000000, -0.0000000000000000, 0.1575056415687970, 1.0000000000000000, -0.0000000000000000, 0.0000000000000000, 0.0000000000000000, 0.0000000000000000, 0.0000000000000000, 0.1938859530706847, 0.0000000000000003, -0.0000000000000000, -0.0000000000000000, 1.0372924841902025, -2.1301343869144955, 1.0372924841902025, -2.1301343869144955, -1.0372924841902025, 2.1301343869144955, -1.0372924841902025, 2.1301343869144955, -0.5370731620839342, 1.1511529800731557, -0.5370731620839342, 1.1511529800731557, 0.5370731620839342, -1.1511529800731557, 0.5370731620839342, -1.1511529800731557, 0.0000000000000000, 0.6307982367220495, 0.0000000000000000, 0.6307982367220495, 0.0000000000000000, -0.6307982367220495, 0.0000000000000000, -0.6307982367220495
1.0000000000000000, 0.0000000000000000, -0.0000000000000000, 0.1613833606302107, 1.0000000000000000, -0.0000000000000000, 0.0000000000000000, 0.0000000000000000, 0.0000000000000000, -0.0000000000000000, 0.2066295526839874, 0.0000000000000001, 0.0000000000000000, -0.0000000000000000, 1.0244688412161234, -2.1027355713926905, 1.0244688412161234, -2.1027355713926905, -1.0244688412161234, 2.1027355713926905, -1.0244688412161234, 2.1027355713926905, -0.6411821487039560, 1.3699407760902504, -0.6411821487039560, 1.3699407760902504, 0.6411821487039560, -1.3699407760902504, 0.6411821487039560, -1.3699407760902504, -0.0000000000000001, 0.5897180782447082, -0.0000000000000001, 0.5897180782447082, 0.0000000000000002, -0.5897180782447082, 0.0000000000000002, -0.5897180782447082
1.0200000000000000, 0.0000000000000000, -0.0000000000000000, 0.1655159516838905, 1.0000000000000000, 0.0000000000000000, 0.0000000000000000, 0.0000000000000000, 0.0000000000000000, -0.0000000000000000, 0.2072729413700062, -0.0000000000000004, 0.0000000000000000, 0.0000000000000000, 1.0106455384845070, -2.0732981996714961, 1.0106455384845070, -2.0732981996714961, -1.0106455384845070, 2.0732981996714961, -1.0106455384845070, 2.0732981996714961, -0.6911651365808180, 1.4718685860597214, -0.6911651365808180, 1.4718685860597214, 0.6911651365808180, -1.4718685860597214, 0.6911651365808180, -1.4718685860597214, 0.0000000000000000, 0.5602102163673556, 0.0000000000000000, 0.5602102163673556, 0.0000000000000000, -0.5602102163673556, 0.0000000000000000, -0.5602102163673556
1.0400000000000000, 0.0000000000000000, -0.0000000000000000, 0.1696614105112906, 1.0000000000000000, -0.0000000000000000, 0.0000000000000000, 0.0000000000000000, 0.0000000000000000, 0.0000000000000000, 0.1996700421784016, 0.0000000000000000, 0.0000000000000000, 0.0000000000000000, 0.9966133054317238, -2.0435100450837620, 0.9966133054317238, -2.0435100450837620, -0.9966133054317236, 2.0435100450837620, -0.9966133054317236, 2.0435100450837620, -0.7016116526391614, 1.4894077293867047, -0.7016116526391614, 1.4894077293867047, 0.7016116526391725, -1.4894077293867047, 0.7016116526391725, -1.4894077293867047, -0.0000000000000001, 0.5395987420071529, -0.0000000000000001, 0.5395987420071529, 0.0000000000000000, -0.5395987420071530, 0.0000000000000000, -0.5395987420071530
1.0600000000000001, 0.0000000000000000, -0.0000000000000000, 0.1736548113548586, 1.0000000000000000, -0.0000000000000000, 0.0000000000000000, 0.0000000000000000, -0.0000000000000000, -0.0000000000000000, 0.1867592235275176, -0.0000000000000003, 0.0000000000000000, 0.0000000000000000, 0.9829348418529255, -2.0145562282352598, 0.9829348418529255, -2.0145562282352598, -0.9829348418529252, 2.0145562282352598, -0.9829348418529252, 2.0145562282352598, -0.6839231789399158, 1.4476908424251089, -0.6839231789399158, 1.4476908424251089, 0.6839231789399158, -1.4476908424251089, 0.6839231789399158, -1.4476908424251089, 0.0000000000000000, 0.5257127929416826, 0.0000000000000000, 0.5257127929416826, -0.0000000000000001, -0.5257127929416826, -0.0000000000000001, -0.5257127929416826
1.0800000000000001, 0.0000000000000000, -0.0000000000000000, 0.1773899958254090, 1.0000000000000000, -0.0000000000000000, 0.0000000000000000, 0.0000000000000000, -0.0000000000000000, -0.0000000000000000, 0.1707428139114809, -0.0000000000000004, -0.0000000000000000, 0.0000000000000000, 0.9699940673000096, -1.9872333921392746, 0.9699940673000096, -1.9872333921392746, -0.9699940673000094, 1.9872333921392746, -0.9699940673000094, 1.9872333921392746, -0.6470387276457934, 1.3661418047992591, -0.6470387276457934, 1.3661418047992591, 0.6470387276457934, -1.3661418047992591, 0.6470387276457934, -1.3661418047992591, 0.0000000000000001, 0.5168289447154853, 0.0000000000000001, 0.5168289447154853, -0.0000000000000002, -0.5168289447154855, -0.0000000000000002, -0.5168289447154855
1.1000000000000001, 0.0000000000000000, -0.0000000000000000, 0.1808048521036386, 1.0000000000000000, -0.0000000000000000, 0.0000000000000000, 0.0000000000000000, -0.0000000000000000, 0.0000000000000000, 0.1532376215539285, 0.0000000000000005, -0.0000000000000000, -0.0000000000000000, 0.9580354986786178, -1.9620398369840097, 0.9580354986786178, -1.9620398369840097, -0.9580354986786176, 1.9620398369840097, -0.9580354986786176, 1.9620398369840097, -0.5979284310695887, 1.2596777577632445, -0.5979284310695887, 1.2596777577632445, 0.5979284310695887, -1.2596777577632445, 0.5979284310695887, -1.2596777577632445, -0.0000000000000001, 0.5116027152163226, -0.0000000000000001, 0.5116027152163226, -0.0000000000000002, -0.5116027152163228, -0.0000000000000002, -0.5116027152163228
1.1200000000000001, 0.0000000000000000, -0.0000000000000000, 0.1838696045347172, 1.0000000000000000, -0.0000000000000000, 0.0000000000000000, 0.0000000000000000, -0.0000000000000000, -0.0000000000000000, 0.1353999151475987, -0.0000000000000000, -0.0000000000000000, -0.0000000000000000, 0.9471963248023000, -1.9392474122284831, 0.9471963248023000, -1.9392474122284831, -0.9471963248022998, 1.9392474122284831, -0.9471963248022998, 1.9392474122284831, -0.5419586938158916, 1.1396212377763337, -0.5419586938158916, 1.1396212377763337, 0.5419586938158916, -1.1396212377763337, 0.5419586938158916, -1.1396212377763337, -0.0000000000000001, 0.5090005235281542, -0.0000000000000001, 0.5090005235281542, -0.0000000000000001, -0.5090005235281543, -0.0000000000000001, -0.5090005235281543
1.1400000000000001, 0.0000000000000000, -0.0000000000000000, 0.1865776028376691, 1.0000000000000000, -0.0000000000000000, 0.0000000000000000, 0.0000000000000000, -0.0000000000000000, -0.0000000000000000, 0.1180282045538302, -0.0000000000000001, 0.0000000000000000, -0.0000000000000000, 0.9375327110550525, -1.9189591896056979, 0.9375327110550525, -1.9189591896056979, -0.9375327110550523, 1.9189591896056979, -0.9375327110550523, 1.9189591896056979, -0.4831806873623723, 1.0144111311392590, -0.4831806873623723, 1.0144111311392590, 0.4831806873623723, -1.0144111311392590, 0.4831806873623723, -1.0144111311392590, -0.0000000000000001, 0.5082378640849795, -0.0000000000000001, 0.5082378640849795, -0.0000000000000001, -0.5082378640849795, -0.0000000000000001, -0.5082378640849795
1.1599999999999999, 0.0000000000000000, -0.0000000000000000, 0.1889381669287457, 1.0000000000000000, -0.0000000000000000, 0.0000000000000000, 0.0000000000000000, -0.0000000000000000, 0.0000000000000000, 0.1016469511479693, -0.0000000000000000, 0.0000000000000000, 0.0000000000000000, 0.9290413369673823, -1.9011557635895091, 0.9290413369673823, -1.9011557635895091, -0.9290413369673821, 1.9011557635895091, -0.9290413369673821, 1.9011557635895091, -0.4245687043835100, 0.8901713008094392, -0.4245687043835100, 0.8901713008094392, 0.4245687043835100, -0.8901713008094392, 0.4245687043835100, -0.8901713008094392, 0.0000000000000001, 0.5087261566173997, 0.0000000000000001, 0.5087261566173997, -0.0000000000000001, -0.5087261566173997, -0.0000000000000001, -0.5087261566173997
1.1799999999999999, 0.0000000000000000, -0.0000000000000000, 0.1909711059517051, 1.0000000000000000, -0.0000000000000000, 0.0000000000000000, 0.0000000000000000, -0.0000000000000000, 0.0000000000000000, 0.0865740739672024, 0.0000000000000002, -0.0000000000000000, 0.0000000000000000, 0.9216768881805398, -1.8857322484745418, 0.9216768881805398, -1.8857322484745418, -0.9216768881805396, 1.8857322484745418, -0.9216768881805396, 1.8857322484745418, -0.3682224393421252, 0.7711757557483656, -0.3682224393421252, 0.7711757557483656, 0.3682224393421252, -0.7711757557483656, 0.3682224393421252, -0.7711757557483656, -0.0000000000000001, 0.5100287805906765, -0.0000000000000001, 0.5100287805906765, 0.0000000000000001, -0.5100287805906766, 0.0000000000000001, -0.5100287805906766
1.2000000000000000, 0.0000000000000000, -0.0000000000000000, 0.1927025874310492, 1.0000000000000000, -0.0000000000000000, -0.0000000000000000, 0.0000000000000000, -0.0000000000000000, 0.0000000000000000, 0.0729748275884789, -0.0000000000000002, 0.0000000000000000, 0.0000000000000000, 0.9153660713084772, -1.8725275396255137, 0.9153660713084772, -1.8725275396255137, -0.9153660713084770, 1.8725275396255137, -0.9153660713084770, 1.8725275396255137, -0.3155408436031293, 0.6602354424514068, -0.3155408436031293, 0.6602354424514068, 0.3155408436031293, -0.6602354424514068, 0.3155408436031293, -0.6602354424514068, -0.0000000000000001, 0.5118257134968434, -0.0000000000000001, 0.5118257134968434, -0.0000000000000001, -0.5118257134968435, -0.0000000000000001, -0.5118257134968435
1.2200000000000000, 0.0000000000000000, -0.0000000000000000, 0.1941620839828188, 1.0000000000000000, -0.0000000000000000, 0.0000000000000000, 0.0000000000000000, -0.0000000000000000, 0.0000000000000000, 0.0609043305526710, 0.0000000000000011, 0.0000000000000000, 0.0000000000000000, 0.9100186356292649, -1.8613470902146381, 0.9100186356292649, -1.8613470902146381, -0.9100186356292647, 1.8613470902146381, -0.9100186356292647, 1.8613470902146381, -0.2673717839606182, 0.5590224705437796, -0.2673717839606182, 0.5590224705437796, 0.2673717839606182, -0.5590224705437796, 0.2673717839606182, -0.5590224705437796, -0.0000000000000001, 0.5138856669571297, -0.0000000000000001, 0.5138856669571297, -0.0000000000000001, -0.5138856669571297, -0.0000000000000001, -0.5138856669571297
1.2400000000000000, 0.0000000000000000, -0.0000000000000000, 0.1953801705938722, 1.0000000000000000, 0.0000000000000000, 0.0000000000000000, 0.0000000000000000, -0.0000000000000000, 0.0000000000000000, 0.0503407328881122, -0.0000000000000002, -0.0000000000000000, 0.0000000000000000, 0.9055358361944628, -1.8519802548772033, 0.9055358361944628, -1.8519802548772033, -0.9055358361944625, 1.8519802548772033, -0.9055358361944625, 1.8519802548772033, -0.2241399717401060, 0.4683417668717382, -0.2241399717401060, 0.4683417668717382, 0.2241399717401060, -0.4683417668717382, 0.2241399717401060, -0.4683417668717382, 0.0000000000000000, 0.5160444470004381, 0.0000000000000000, 0.5160444470004381, -0.0000000000000002, -0.5160444470004382, -0.0000000000000002, -0.5160444470004382
1.2600000000000000, 0.0000000000000000, -0.0000000000000000, 0.1963869852516344, 1.0000000000000000, 0.0000000000000000, 0.0000000000000000, 0.0000000000000000, -0.0000000000000000, -0.0000000000000000, 0.0412107369359670, -0.0000000000000005, 0.0000000000000000, 0.0000000000000000, 0.9018167390590373, -1.8442131175647531, 0.9018167390590373, -1.8442131175647531, -0.9018167390590370, 1.8442131175647531, -0.9018167390590370, 1.8442131175647531, -0.1859548567712754, 0.3883568656225078, -0.1859548567712754, 0.3883568656225078, 0.1859548567712754, -0.3883568656225078, 0.1859548567712754, -0.3883568656225078, -0.0000000000000001, 0.5181883072143723, -0.0000000000000001, 0.5181883072143723, -0.0000000000000001, -0.5181883072143723, -0.0000000000000001, -0.5181883072143723
1.2800000000000000, 0.0000000000000000, -0.0000000000000000, 0.1972111999903537, 1.0000000000000000, -0.0000000000000000, 0.0000000000000000, 0.0000000000000000, -0.0000000000000000, 0.0000000000000000, 0.0334089327825752, 0.0000000000000010, 0.0000000000000000, 0.0000000000000000, 0.8987627393468617, -1.8378376185246155, 0.8987627393468617, -1.8378376185246155, -0.8987627393468615, 1.8378376185246155, -0.8987627393468615, 1.8378376185246155, -0.1526999856087785, 0.3187749520068839, -0.1526999856087785, 0.3187749520068839, 0.1526999856087785, -0.3187749520068839, 0.1526999856087785, -0.3187749520068839, 0.0000000000000000, 0.5202412121539611, 0.0000000000000000, 0.5202412121539611, -0.0000000000000002, -0.5202412121539612, -0.0000000000000002, -0.5202412121539612
1.3000000000000000, 0.0000000000000000, -0.0000000000000000, 0.1978793786460052, 1.0000000000000000, 0.0000000000000000, 0.0000000000000000, 0.0000000000000000, -0.0000000000000000, -0.0000000000000000, 0.0268121810926005, -0.0000000000000002, -0.0000000000000000, 0.0000000000000000, 0.8962806309868403, -1.8326577049042416, 0.8962806309868403, -1.8326577049042416, -0.8962806309868401, 1.8326577049042416, -0.8962806309868401, 1.8326577049042416, -0.1241054180010692, 0.2589956810186922, -0.1241054180010692, 0.2589956810186922, 0.1241054180010692, -0.2589956810186922, 0.1241054180010692, -0.2589956810186922, -0.0000000000000001, 0.5221551154778978, -0.0000000000000001, 0.5221551154778978, 0.0000000000000000, -0.5221551154778979, 0.0000000000000000, -0.5221551154778979
1.3200000000000001, 0.0000000000000000, -0.0000000000000000, 0.1984156222678573, 1.0000000000000000, 0.0000000000000000, 0.0000000000000000, 0.0000000000000000, -0.0000000000000000, 0.0000000000000000, 0.0212900730581180, -0.0000000000000004, -0.0000000000000000, 0.0000000000000000, 0.8942845313903700, -1.8284931416461270, 0.8942845313903700, -1.8284931416461270, -0.8942845313903698, 1.8284931416461270, -0.8942845313903698, 1.8284931416461270, -0.0998049798235146, 0.2082281629057325, -0.0998049798235146, 0.2082281629057325, 0.0998049798235146, -0.2082281629057325, 0.0998049798235146, -0.2082281629057325, -0.0000000000000001, 0.5239025424049198, -0.0000000000000001, 0.5239025424049198, -0.0000000000000001, -0.5239025424049200, -0.0000000000000001, -0.5239025424049200
1.3400000000000001, 0.0000000000000000, -0.0000000000000000, 0.1988414237290196, 1.0000000000000000, 0.0000000000000000, 0.0000000000000000, 0.0000000000000000, -0.0000000000000000, 0.0000000000000000, 0.0167123192572685, 0.0000000000000002, 0.0000000000000000, 0.0000000000000000, 0.8926969257497743, -1.8251815316644324, 0.8926969257497743, -1.8251815316644324, -0.8926969257497741, 1.8251815316644324, -0.8926969257497741, 1.8251815316644324, -0.0793802820297840, 0.1655804990847276, -0.0793802820297840, 0.1655804990847276, 0.0793802820297840, -0.1655804990847276, 0.0793802820297840, -0.1655804990847276, 0.0000000000000000, 0.5254709287752257, 0.0000000000000000, 0.5254709287752257, -0.0000000000000001, -0.5254709287752257, -0.0000000000000001, -0.5254709287752257
1.3600000000000001, 0.0000000000000000, -0.0000000000000000, 0.1991756701141650, 1.0000000000000000, 0.0000000000000000, 0.0000000000000000, 0.0000000000000000, -0.0000000000000000, -0.0000000000000000, 0.0129537652888287, -0.0000000000000010, -0.0000000000000000, 0.0000000000000000, 0.8914490558419640, -1.8225790080473332, 0.8914490558419640, -1.8225790080473332, -0.8914490558419638, 1.8225790080473332, -0.8914490558419638, 1.8225790080473332, -0.0623934953905170, 0.1301261808549614, -0.0623934953905170, 0.1301261808549614, 0.0623934953905170, -0.1301261808549614, 0.0623934953905170, -0.1301261808549614, -0.0000000000000002, 0.5268583018490602, -0.0000000000000002, 0.5268583018490602, -0.0000000000000001, -0.5268583018490604, -0.0000000000000001, -0.5268583018490604
1.3800000000000001, 0.0000000000000000, -0.0000000000000000, 0.1994347454199416, 1.0000000000000000, -0.0000000000000000, 0.0000000000000000, 0.0000000000000000, -0.0000000000000000, 0.0000000000000000, 0.0098976003950928, -0.0000000000000003, -0.0000000000000000, 0.0000000000000000, 0.8904808392860996, -1.8205599788661393, 0.8904808392860996, -1.8205599788661393, -0.8904808392860993, 1.8205599788661393, -0.8904808392860993, 1.8205599788661393, -0.0484108277932216, 0.1009514590596949, -0.0484108277932216, 0.1009514590596949, 0.0484108277932216, -0.1009514590596949, 0.0484108277932216, -0.1009514590596949, 0.0000000000000002, 0.5280699911796376, 0.0000000000000002, 0.5280699911796376, -0.0000000000000002, -0.5280699911796377, -0.0000000000000002, -0.5280699911796377
1.4000000000000001, 0.0000000000000000, -0.0000000000000000, 0.1996326974278434, 1.0000000000000000, -0.0000000000000000, 0.0000000000000000, 0.0000000000000000, -0.0000000000000000, 0.0000000000000000, 0.0074372138716203, 0.0000000000000007, 0.0000000000000000, 0.0000000000000000, 0.8897404688854661, -1.8190162297072949, 0.8897404688854661, -1.8190162297072949, -0.8897404688854659, 1.8190162297072949, -0.8897404688854659, 1.8190162297072949, -0.0370185200316731, 0.0771874579422183, -0.0370185200316731, 0.0771874579422183, 0.0370185200316731, -0.0771874579422183, 0.0370185200316731, -0.0771874579422183, 0.0000000000000001, 0.5291161353971051, 0.0000000000000001, 0.5291161353971051, 0.0000000000000001, -0.5291161353971051, 0.0000000000000001, -0.5291161353971051
1.4199999999999999, 0.0000000000000000, 0.0000000000000000, 0.1997814417052758, 1.0000000000000000, -0.0000000000000000, 0.0000000000000000, 0.0000000000000000, -0.0000000000000000, 0.0000000000000000, 0.0054770607221220, 0.0000000000000001, 0.0000000000000000, 0.0000000000000000, 0.8891838091926900, -1.8178556221508286, 0.8891838091926900, -1.8178556221508286, -0.8891838091926898, 1.8178556221508286, -0.8891838091926898, 1.8178556221508286, -0.0278329846388037, 0.0580303778233149, -0.0278329846388037, 0.0580303778233149, 0.0278329846388037, -0.0580303778233149, 0.0278329846388037, -0.0580303778233149, -0.0000000000000001, 0.5300098077220859, -0.0000000000000001, 0.5300098077220859, 0.0000000000000000, -0.5300098077220861, 0.0000000000000000, -0.5300098077220861
1.4399999999999999, 0.0000000000000000, 0.0000000000000000, 0.1998909829197183, 1.0000000000000000, -0.0000000000000000, 0.0000000000000000, 0.0000000000000000, -0.0000000000000000, 0.0000000000000000, 0.0039328205769233, 0.0000000000000005, -0.0000000000000000, -0.0000000000000000, 0.8887736794099897, -1.8170005690392197, 0.8887736794099897, -1.8170005690392197, -0.8887736794099895, 1.8170005690392197, -0.8887736794099895, 1.8170005690392197, -0.0205064891350137, 0.0427526555804469, -0.0205064891350137, 0.0427526555804469, 0.0205064891350137, -0.0427526555804469, 0.0205064891350137, -0.0427526555804469, -0.0000000000000001, 0.5307656245385987, -0.0000000000000001, 0.5307656245385987, -0.0000000000000001, -0.5307656245385988, -0.0000000000000001, -0.5307656245385988
1.4600000000000000, 0.0000000000000000, 0.0000000000000000, 0.1999696393312567, 1.0000000000000000, 0.0000000000000000, 0.0000000000000000, 0.0000000000000000, -0.0000000000000000, 0.0000000000000000, 0.0027310702607919, 0.0000000000000002, -0.0000000000000000, -0.0000000000000000, 0.8884790883222308, -1.8163864196120318, 0.8884790883222308, -1.8163864196120318, -0.8884790883222305, 1.8163864196120318, -0.8884790883222305, 1.8163864196120318, -0.0147295543879489, 0.0307074713593924, -0.0147295543879489, 0.0307074713593924, 0.0147295543879489, -0.0307074713593924, 0.0147295543879489, -0.0307074713593924, -0.0000000000000003, 0.5313987316632133, -0.0000000000000003, 0.5313987316632133, 0.0000000000000001, -0.5313987316632134, 0.0000000000000001, -0.5313987316632134
1.4800000000000000, 0.0000000000000000, 0.0000000000000000, 0.2000242607364726, 1.0000000000000000, 0.0000000000000000, 0.0000000000000000, 0.0000000000000000, -0.0000000000000000, 0.0000000000000000, 0.0018086386126295, -0.0000000000000006, 0.0000000000000000, 0.0000000000000000, 0.8882744679569418, -1.8159598488935178, 0.8882744679569418, -1.8159598488935178, -0.8882744679569415, 1.8159598488935178, -0.8882744679569415, 1.8159598488935178, -0.0102310182644505, 0.0213285359257021, -0.0102310182644505, 0.0213285359257021, 0.0102310182644505, -0.0213285359257021, 0.0102310182644505, -0.0213285359257021, 0.0000000000000001, 0.5319240853545477, 0.0000000000000001, 0.5319240853545477, -0.0000000000000002, -0.5319240853545478, -0.0000000000000002, -0.5319240853545478
1.5000000000000000, 0.0000000000000000, 0.0000000000000000, 0.2000604335087252, 1.0000000000000000, -0.0000000000000000, 0.0000000000000000, 0.0000000000000000, -0.0000000000000000, 0.0000000000000000, 0.0011117704357351, -0.0000000000000000, -0.0000000000000000, 0.0000000000000000, 0.8881389376486111, -1.8156773151883545, 0.8881389376486111, -1.8156773151883545, -0.8881389376486108, 1.8156773151883545, -0.8881389376486108, 1.8156773151883545, -0.0067765154165345, 0.0141266852581645, -0.0067765154165345, 0.0141266852581645, 0.0067765154165345, -0.0141266852581645, 0.0067765154165345, -0.0141266852581645, -0.0000000000000001, 0.5323559620195423, -0.0000000000000001, 0.5323559620195423, 0.0000000000000001, -0.5323559620195425, 0.0000000000000001, -0.5323559620195425
1.5200000000000000, 0.0000000000000000, 0.0000000000000000, 0.2000826689174399, 1.0000000000000000, -0.0000000000000000, 0.0000000000000000, 0.0000000000000000, -0.0000000000000000, 0.0000000000000000, 0.0005951931867639, -0.0000000000000004, -0.0000000000000000, -0.0000000000000000, 0.8880556186209657, -1.8155036260481197, 0.8880556186209657, -1.8155036260481197, -0.8880556186209655, 1.8155036260481197, -0.8880556186209655, 1.8155036260481197, -0.0041659513822678, 0.0086844570117428, -0.0041659513822678, 0.0086844570117428, 0.0041659513822678, -0.0086844570117428, 0.0041659513822678, -0.0086844570117428, -0.0000000000000002, 0.5327076436595790, -0.0000000000000002, 0.5327076436595790, -0.0000000000000001, -0.5327076436595791, -0.0000000000000001, -0.5327076436595791
1.5400000000000000, 0.0000000000000000, 0.0000000000000000, 0.2000945727811752, 1.0000000000000000, -0.0000000000000000, 0.0000000000000000, 0.0000000000000000, -0.0000000000000000, -0.0000000000000000, 0.0002211537748300, -0.0000000000000006, -0.0000000000000000, 0.0000000000000000, 0.8880110105279275, -1.8154106354598807, 0.8880110105279275, -1.8154106354598807, -0.8880110105279273, 1.8154106354598807, -0.8880110105279273, 1.8154106354598807, -0.0022304046519095, 0.0046495294119486, -0.0022304046519095, 0.0046495294119486, 0.0022304046519095, -0.0046495294119486, 0.0022304046519095, -0.0046495294119486, -0.0000000000000001, 0.5329912364783401, -0.0000000000000001, 0.5329912364783401, -0.0000000000000001, -0.5329912364783402, -0.0000000000000001, -0.5329912364783402
1.5600000000000001, 0.0000000000000000, 0.0000000000000000, 0.2000989958566717, 1.0000000000000000, -0.0000000000000000, 0.0000000000000000, 0.0000000000000000, -0.0000000000000000, 0.0000000000000000, -0.0000415275977095, 0.0000000000000005, 0.0000000000000000, 0.0000000000000000, 0.8879944350721931, -1.8153760821769811, 0.8879944350721931, -1.8153760821769811, -0.8879944350721929, 1.8153760821769811, -0.8879944350721929, 1.8153760821769811, -0.0008287727867207, 0.0017276641449793, -0.0008287727867207, 0.0017276641449793, 0.0008287727867207, -0.0017276641449793, 0.0008287727867207, -0.0017276641449793, 0.0000000000000001, 0.5332175884753411, 0.0000000000000001, 0.5332175884753411, -0.0000000000000001, -0.5332175884753411, -0.0000000000000001, -0.5332175884753411
1.5800000000000001, 0.0000000000000000, 0.0000000000000000, 0.2000981653047176, 1.0000000000000000, -0.0000000000000000, 0.0000000000000000, 0.0000000000000000, -0.0000000000000000, 0.0000000000000000, -0.0002183553298495, 0.0000000000000012, -0.0000000000000000, 0.0000000000000000, 0.8879975473642312, -1.8153825700725366, 0.8879975473642312, -1.8153825700725366, -0.8879975473642310, 1.8153825700725366, -0.8879975473642310, 1.8153825700725366, 0.0001556146019044, -0.0003243947777731, 0.0001556146019044, -0.0003243947777731, -0.0001556146019044, 0.0003243947777731, -0.0001556146019044, 0.0003243947777731, 0.0000000000000002, 0.5333962787481048, 0.0000000000000002, 0.5333962787481048, -0.0000000000000003, -0.5333962787481049, -0.0000000000000003, -0.5333962787481049
1.6000000000000001, 0.0000000000000000, 0.0000000000000000, 0.2000937981981206, 1.0000000000000000, 0.0000000000000000, 0.0000000000000000, 0.0000000000000000, -0.0000000000000000, 0.0000000000000000, -0.0003299887136479, 0.0000000000000001, 0.0000000000000000, 0.0000000000000000, 0.8880139126749708, -1.8154166852976412, 0.8880139126749708, -1.8154166852976412, -0.8880139126749705, 1.8154166852976412, -0.8880139126749705, 1.8154166852976412, 0.0008182655369782, -0.0017057612552329, 0.0008182655369782, -0.0017057612552329, -0.0008182655369782, 0.0017057612552329, -0.0008182655369782, 0.0017057612552329, 0.0000000000000002, 0.5335356569328092, 0.0000000000000002, 0.5335356569328092, -0.0000000000000002, -0.5335356569328092, -0.0000000000000002, -0.5335356569328092
1.6200000000000001, 0.0000000000000000, 0.0000000000000000, 0.2000871984238476, 1.0000000000000000, 0.0000000000000000, 0.0000000000000000, 0.0000000000000000, -0.0000000000000000, -0.0000000000000000, -0.0003929941104320, -0.0000000000000012, -0.0000000000000000, -0.0000000000000000, 0.8880386443232612, -1.8154682411598158, 0.8880386443232612, -1.8154682411598158, -0.8880386443232610, 1.8154682411598158, -0.8880386443232610, 1.8154682411598158, 0.0012365824145211, -0.0025777931087267, 0.0012365824145211, -0.0025777931087267, -0.0012365824145211, 0.0025777931087267, -0.0012365824145211, 0.0025777931087267, 0.0000000000000001, 0.5336429159397867, 0.0000000000000001, 0.5336429159397867, -0.0000000000000002, -0.5336429159397869, -0.0000000000000002, -0.5336429159397869
1.6400000000000001, 0.0000000000000000, 0.0000000000000000, 0.2000793385416390, 1.0000000000000000, -0.0000000000000000, 0.0000000000000000, 0.0000000000000000, 0.0000000000000000, 0.0000000000000000, -0.0004205149037915, -0.0000000000000002, 0.0000000000000000, -0.0000000000000000, 0.8880680973406058, -1.8155296394268299, 0.8880680973406058, -1.8155296394268299, -0.8880680973406055, 1.8155296394268299, -0.8880680973406055, 1.8155296394268299, 0.0014726508672291, -0.0030699133507062, 0.0014726508672291, -0.0030699133507062, -0.0014726508672291, 0.0030699133507062, -0.0014726508672291, 0.0030699133507062, 0.0000000000000001, 0.5337241850402533, 0.0000000000000001, 0.5337241850402533, -0.0000000000000002, -0.5337241850402534, -0.0000000000000002, -0.5337241850402534
1.6600000000000001, 0.0000000000000000, 0.0000000000000000, 0.2000709282435631, 1.0000000000000000, -0.0000000000000000, 0.0000000000000000, 0.0000000000000000, 0.0000000000000000, 0.0000000000000000, -0.0004228596334296, 0.0000000000000007, 0.0000000000000000, -0.0000000000000000, 0.8880996120453072, -1.8155953357488375, 0.8880996120453072, -1.8155953357488375, -0.8880996120453070, 1.8155953357488375, -0.8880996120453070, 1.8155953357488375, 0.0015757352350709, -0.0032848161003796, 0.0015757352350709, -0.0032848161003796, -0.0015757352350709, 0.0032848161003796, -0.0015757352350709, 0.0032848161003796, 0.0000000000000001, 0.5337846335543522, 0.0000000000000001, 0.5337846335543522, -0.0000000000000002, -0.5337846335543525, -0.0000000000000002, -0.5337846335543525
1.6799999999999999, 0.0000000000000000, 0.0000000000000000, 0.2000624710508945, 1.0000000000000000, -0.0000000000000000, 0.0000000000000000, 0.0000000000000000, 0.0000000000000000, 0.0000000000000000, -0.0004080117644606, 0.0000000000000002, -0.0000000000000000, -0.0000000000000000, 0.8881313015605238, -1.8156613967207733, 0.8881313015605238, -1.8156613967207733, -0.8881313015605236, 1.8156613967207733, -0.8881313015605236, 1.8156613967207733, 0.0015844757608297, -0.0033030485967922, 0.0015844757608297, -0.0033030485967922, -0.0015844757608297, 0.0033030485967922, -0.0015844757608297, 0.0033030485967922, 0.0000000000000001, 0.5338285779786542, 0.0000000000000001, 0.5338285779786542, -0.0000000000000002, -0.5338285779786544, -0.0000000000000002, -0.5338285779786544
1.7000000000000000, 0.0000000000000000, 0.0000000000000000, 0.2000543108156053, 1.0000000000000000, 0.0000000000000000, 0.0000000000000000, 0.0000000000000000, 0.0000000000000000, 0.0000000000000000, -0.0003820664860761, 0.0000000000000001, -0.0000000000000000, -0.0000000000000000, 0.8881618774915881, -1.8157251365037883, 0.8881618774915881, -1.8157251365037883, -0.8881618774915879, 1.8157251365037883, -0.8881618774915879, 1.8157251365037883, 0.0015287965532185, -0.0031869891507497, 0.0015287965532185, -0.0031869891507497, -0.0015287965532185, 0.0031869891507497, -0.0015287965532185, 0.0031869891507497, 0.0000000000000001, 0.5338595874617331, 0.0000000000000001, 0.5338595874617331, -0.0000000000000002, -0.5338595874617332, -0.0000000000000002, -0.5338595874617332
1.7200000000000000, 0.0000000000000000, 0.0000000000000000, 0.2000466694858838, 1.0000000000000000, 0.0000000000000000, 0.0000000000000000, 0.0000000000000000, 0.0000000000000000, 0.0000000000000000, -0.0003496010425583, 0.0000000000000004, -0.0000000000000000, 0.0000000000000000, 0.8881905083364723, -1.8157848216835124, 0.8881905083364723, -1.8157848216835124, -0.8881905083364721, 1.8157848216835124, -0.8881905083364721, 1.8157848216835124, 0.0014315422442068, -0.0029842589862050, 0.0014315422442068, -0.0029842589862050, -0.0014315422442068, 0.0029842589862050, -0.0014315422442068, 0.0029842589862050, -0.0000000000000001, 0.5338805841683090, -0.0000000000000001, 0.5338805841683090, -0.0000000000000001, -0.5338805841683091, -0.0000000000000001, -0.5338805841683091
1.7400000000000000, 0.0000000000000000, 0.0000000000000000, 0.2000396774650326, 1.0000000000000000, 0.0000000000000000, 0.0000000000000000, 0.0000000000000000, 0.0000000000000000, -0.0000000000000000, -0.0003139856013994, 0.0000000000000000, -0.0000000000000000, 0.0000000000000000, 0.8882167056652396, -1.8158394340123856, 0.8882167056652396, -1.8158394340123856, -0.8882167056652394, 1.8158394340123856, -0.8882167056652394, 1.8158394340123856, 0.0013098664383648, -0.0027306164436580, 0.0013098664383648, -0.0027306164436580, -0.0013098664383648, 0.0027306164436580, -0.0013098664383648, 0.0027306164436580, 0.0000000000000001, 0.5338939363367313, 0.0000000000000001, 0.5338939363367313, -0.0000000000000001, -0.5338939363367313, -0.0000000000000001, -0.5338939363367313
1.7600000000000000, 0.0000000000000000, 0.0000000000000000, 0.2000333977530047, 1.0000000000000000, 0.0000000000000000, 0.0000000000000000, 0.0000000000000000, 0.0000000000000000, 0.0000000000000000, -0.0002776417327598, 0.0000000000000005, 0.0000000000000000, 0.0000000000000000, 0.8882402336161804, -1.8158884817536372, 0.8882402336161804, -1.8158884817536372, -0.8882402336161802, 1.8158884817536372, -0.8882402336161802, 1.8158884817536372, 0.0011763975470425, -0.0024523870625792, 0.0011763975470425, -0.0024523870625792, -0.0011763975470425, 0.0024523870625792, -0.0011763975470425, 0.0024523870625792, -0.0000000000000001, 0.5339015427948715, -0.0000000000000001, 0.5339015427948715, -0.0000000000000001, -0.5339015427948716, -0.0000000000000001, -0.5339015427948716
1.7800000000000000, 0.0000000000000000, 0.0000000000000000, 0.2000278449183495, 1.0000000000000000, 0.0000000000000000, 0.0000000000000000, 0.0000000000000000, 0.0000000000000000, -0.0000000000000000, -0.0002422553472011, -0.0000000000000007, 0.0000000000000000, 0.0000000000000000, 0.8882610377804834, -1.8159318514387113, 0.8882610377804834, -1.8159318514387113, -0.8882610377804832, 1.8159318514387113, -0.8882610377804832, 1.8159318514387113, 0.0010402082151473, -0.0021684842537062, 0.0010402082151473, -0.0021684842537062, -0.0010402082151473, 0.0021684842537062, -0.0010402082151473, 0.0021684842537062, 0.0000000000000002, 0.5339049084120238, 0.0000000000000002, 0.5339049084120238, -0.0000000000000002, -0.5339049084120238, -0.0000000000000002, -0.5339049084120238
1.8000000000000000, 0.0000000000000000, 0.0000000000000000, 0.2000229998114054, 1.0000000000000000, 0.0000000000000000, 0.0000000000000000, 0.0000000000000000, 0.0000000000000000, -0.0000000000000000, -0.0002089505179862, -0.0000000000000007, -0.0000000000000000, -0.0000000000000000, 0.8882791900583303, -1.8159696929157607, 0.8882791900583303, -1.8159696929157607, -0.8882791900583301, 1.8159696929157607, -0.8882791900583301, 1.8159696929157607, 0.0009076138923481, -0.0018920738524719, 0.0009076138923481, -0.0018920738524719, -0.0009076138923481, 0.0018920738524719, -0.0009076138923481, 0.0018920738524719, -0.0000000000000001, 0.5339052104781854, -0.0000000000000001, 0.5339052104781854, 0.0000000000000001, -0.5339052104781855, 0.0000000000000001, -0.5339052104781855
1.8200000000000001, 0.0000000000000000, 0.0000000000000000, 0.2000188208010457, 1.0000000000000000, -0.0000000000000000, 0.0000000000000000, 0.0000000000000000, 0.0000000000000000, -0.0000000000000000, -0.0001784300778226, -0.0000000000000006, -0.0000000000000000, -0.0000000000000000, 0.8882948465507200, -1.8160023315704814, 0.8882948465507200, -1.8160023315704814, -0.8882948465507198, 1.8160023315704814, -0.8882948465507198, 1.8160023315704814, 0.0007828246194830, -0.0016319327360348, 0.0007828246194830, -0.0016319327360348, -0.0007828246194830, 0.0016319327360348, -0.0007828246194830, 0.0016319327360348, 0.0000000000000001, 0.5339033563591661, 0.0000000000000001, 0.5339033563591661, -0.0000000000000002, -0.5339033563591662, -0.0000000000000002, -0.5339033563591662
1.8400000000000001, 0.0000000000000000, 0.0000000000000000, 0.2000152521994892, 1.0000000000000000, -0.0000000000000000, 0.0000000000000000, 0.0000000000000000, 0.0000000000000000, 0.0000000000000000, -0.0001510882846552, -0.0000000000000002, 0.0000000000000000, -0.0000000000000000, 0.8883082159934168, -1.8160302025219508, 0.8883082159934168, -1.8160302025219508, -0.8883082159934166, 1.8160302025219508, -0.8883082159934166, 1.8160302025219508, 0.0006684721348404, -0.0013935475734694, 0.0006684721348404, -0.0013935475734694, -0.0006684721348404, 0.0013935475734694, -0.0006684721348404, 0.0013935475734694, 0.0000000000000001, 0.5339000330118939, 0.0000000000000001, 0.5339000330118939, -0.0000000000000001, -0.5339000330118940, -0.0000000000000001, -0.5339000330118940
1.8600000000000001, 0.0000000000000000, 0.0000000000000000, 0.2000122304337962, 1.0000000000000000, -0.0000000000000000, 0.0000000000000000, 0.0000000000000000, 0.0000000000000000, 0.0000000000000000, -0.0001271002376126, 0.0000000000000004, 0.0000000000000000, -0.0000000000000000, 0.8883195366371079, -1.8160538024249699, 0.8883195366371079, -1.8160538024249699, -0.8883195366371077, 1.8160538024249699, -0.8883195366371077, 1.8160538024249699, 0.0005660321845569, -0.0011799951509572, 0.0005660321845569, -0.0011799951509572, -0.0005660321845569, 0.0011799951509572, -0.0005660321845569, 0.0011799951509572, -0.0000000000000001, 0.5338957490886725, -0.0000000000000001, 0.5338957490886725, 0.0000000000000002, -0.5338957490886725, 0.0000000000000002, -0.5338957490886725
1.8800000000000001, 0.0000000000000000, 0.0000000000000000, 0.2000096884290439, 1.0000000000000000, -0.0000000000000000, 0.0000000000000000, 0.0000000000000000, -0.0000000000000000, 0.0000000000000000, -0.0001064921203770, 0.0000000000000003, 0.0000000000000000, -0.0000000000000000, 0.8883290598295406, -1.8160736552432979, 0.8883290598295406, -1.8160736552432979, -0.8883290598295404, 1.8160736552432979, -0.8883290598295404, 1.8160736552432979, 0.0004761596216318, -0.0009926409163974, 0.0004761596216318, -0.0009926409163974, -0.0004761596216318, 0.0009926409163974, -0.0004761596216318, 0.0009926409163974, 0.0000000000000001, 0.5338908704362071, 0.0000000000000001, 0.5338908704362071, -0.0000000000000002, -0.5338908704362072, -0.0000000000000002, -0.5338908704362072
1.9000000000000001, 0.0000000000000000, 0.0000000000000000, 0.2000075585866363, 1.0000000000000000, -0.0000000000000000, 0.0000000000000000, 0.0000000000000000, -0.0000000000000000, 0.0000000000000000, -0.0000891957731179, 0.0000000000000002, 0.0000000000000000, -0.0000000000000000, 0.8883370388616727, -1.8160902889964359, 0.8883370388616727, -1.8160902889964359, -0.8883370388616725, 1.8160902889964359, -0.8883370388616725, 1.8160902889964359, 0.0003989516066061, -0.0008316876568992, 0.0003989516066061, -0.0008316876568992, -0.0003989516066061, 0.0008316876568992, -0.0003989516066061, 0.0008316876568992, 0.0000000000000001, 0.5338856498246751, 0.0000000000000001, 0.5338856498246751, -0.0000000000000001, -0.5338856498246751, -0.0000000000000001, -0.5338856498246751
1.9199999999999999, 0.0000000000000000, 0.0000000000000000, 0.2000057746711740, 1.0000000000000000, -0.0000000000000000, 0.0000000000000000, 0.0000000000000000, -0.0000000000000000, 0.0000000000000000, -0.0000750905562904, -0.0000000000000004, 0.0000000000000000, -0.0000000000000000, 0.8883437219027660, -1.8161042210305505, 0.8883437219027660, -1.8161042210305505, -0.8883437219027658, 1.8161042210305505, -0.8883437219027658, 1.8161042210305505, 0.0003341520546651, -0.0006966017057297, 0.0003341520546651, -0.0006966017057297, -0.0003341520546651, 0.0006966017057297, -0.0003341520546651, 0.0006966017057297, 0.0000000000000001, 0.5338802517395675, 0.0000000000000001, 0.5338802517395675, -0.0000000000000002, -0.5338802517395677, -0.0000000000000002, -0.5338802517395677
1.9399999999999999, 0.0000000000000000, 0.0000000000000000, 0.2000042728600482, 1.0000000000000000, -0.0000000000000000, 0.0000000000000000, 0.0000000000000000, -0.0000000000000000, 0.0000000000000000, -0.0000640349749591, -0.0000000000000000, 0.0000000000000000, 0.0000000000000000, 0.8883493480717901, -1.8161159498276960, 0.8883493480717901, -1.8161159498276960, -0.8883493480717899, 1.8161159498276960, -0.8883493480717899, 1.8161159498276960, 0.0002813084512054, -0.0005864398572752, 0.0002813084512054, -0.0005864398572752, -0.0002813084512054, 0.0005864398572752, -0.0002813084512054, 0.0005864398572752, -0.0000000000000001, 0.5338747730468234, -0.0000000000000001, 0.5338747730468234, 0.0000000000000001, -0.5338747730468235, 0.0000000000000001, -0.5338747730468235
1.9600000000000000, 0.0000000000000000, 0.0000000000000000, 0.2000029921605490, 1.0000000000000000, -0.0000000000000000, 0.0000000000000000, 0.0000000000000000, -0.0000000000000000, -0.0000000000000000, -0.0000558900816345, -0.0000000000000005, 0.0000000000000000, 0.0000000000000000, 0.8883541458777174, -1.8161259517535855, 0.8883541458777174, -1.8161259517535855, -0.8883541458777172, 1.8161259517535855, -0.8883541458777172, 1.8161259517535855, 0.0002398902963663, -0.0005000962944757, 0.0002398902963663, -0.0005000962944757, -0.0002398902963663, 0.0005000962944757, -0.0002398902963663, 0.0005000962944757, 0.0000000000000002, 0.5338692603094778, 0.0000000000000002, 0.5338692603094778, -0.0000000000000003, -0.5338692603094779, -0.0000000000000003, -0.5338692603094779
1.9800000000000000, 0.0000000000000000, 0.0000000000000000, 0.2000018743589163, 1.0000000000000000, -0.0000000000000000, 0.0000000000000000, 0.0000000000000000, -0.0000000000000000, -0.0000000000000000, -0.0000505362666268, -0.0000000000000010, -0.0000000000000000, 0.0000000000000000, 0.8883583334126594, -1.8161346814596318, 0.8883583334126594, -1.8161346814596318, -0.8883583334126591, 1.8161346814596318, -0.8883583334126591, 1.8161346814596318, 0.0002093767470956, -0.0004364853023131, 0.0002093767470956, -0.0004364853023131, -0.0002093767470956, 0.0004364853023131, -0.0002093767470956, 0.0004364853023131, -0.0000000000000001, 0.5338637244989292, -0.0000000000000001, 0.5338637244989292, 0.0000000000000001, -0.5338637244989292, 0.0000000000000001, -0.5338637244989292
2.0000000000000000, 0.0000000000000000, 0.0000000000000000, 0.2000008636335838, 1.0000000000000000, -0.0000000000000000, 0.0000000000000000, 0.0000000000000000, -0.0000000000000000, 0.0000000000000000, -0.0000478846731897, -0.0000000000000001, -0.0000000000000000, 0.0000000000000000, 0.8883621198023837, -1.8161425749064033, 0.8883621198023837, -1.8161425749064033, -0.8883621198023834, 1.8161425749064033, -0.8883621198023834, 1.8161425749064033, 0.0001893194862157, -0.0003946723385773, 0.0001893194862157, -0.0003946723385773, -0.0001893194862157, 0.0003946723385773, -0.0001893194862157, 0.0003946723385773, 0.0000000000000001, 0.5338581538114734, 0.0000000000000001, 0.5338581538114734, -0.0000000000000001, -0.5338581538114735, -0.0000000000000001, -0.5338581538114735
