0.0000000000000000, 0.0000000000000000, 0.0000000000000000, 0.2000000000000000, 1.0000000000000000, 0.0000000000000000, 0.0000000000000000, 0.0000000000000000, 0.0000000000000000, 0.0000000000000000, 0.0000000000000000, 0.0000000000000000, 0.0000000000000000, 0.0000000000000000, 0.8883648438913904, -1.8161482537881488, 0.8883648438913904, -1.8161482537881488, -0.8883648438913901, 1.8161482537881488, -0.8883648438913901, 1.8161482537881488, -0.0000000000000000, -0.0000000000000000, -0.0000000000000000, -0.0000000000000000, -0.0000000000000000, -0.0000000000000000, -0.0000000000000000, -0.0000000000000000, -0.0000000000000001, 0.5338593342274637, -0.0000000000000001, 0.5338593342274637, -0.0000000000000001, -0.5338593342274638, -0.0000000000000001, -0.5338593342274638
0.0200000000000000, 0.0000000000000000, 0.0000000000000000, 0.2000000000000000, 1.0000000000000000, 0.0000000000000000, 0.0000000000000000, 0.0000000000000000, 0.0000000000000000, 0.0000000000000000, 0.0000000000000000, 0.0000000000000000, 0.0000000000000000, 0.0000000000000000, 0.8883648438913904, -1.8161482537881488, 0.8883648438913904, -1.8161482537881488, -0.8883648438913901, 1.8161482537881488, -0.8883648438913901, 1.8161482537881488, -0.0000000000000000, -0.0000000000000000, -0.0000000000000000, -0.0000000000000000, -0.0000000000000000, -0.0000000000000000, -0.0000000000000000, -0.0000000000000000, -0.0000000000000001, 0.5338593342274637, -0.0000000000000001, 0.5338593342274637, -0.0000000000000001, -0.5338593342274638, -0.0000000000000001, -0.5338593342274638
0.0400000000000000, 0.0000000000000000, 0.0000000000000000, 0.2000000000000000, 1.0000000000000000, 0.0000000000000000, 0.0000000000000000, 0.0000000000000000, 0.0000000000000000, 0.0000000000000000, 0.0000000000000000, 0.0000000000000000, 0.0000000000000000, 0.0000000000000000, 0.8883648438913904, -1.8161482537881488, 0.8883648438913904, -1.8161482537881488, -0.8883648438913901, 1.8161482537881488, -0.8883648438913901, 1.8161482537881488, -0.0000000000000000, -0.0000000000000000, -0.0000000000000000, -0.0000000000000000, -0.0000000000000000, -0.0000000000000000, -0.0000000000000000, -0.0000000000000000, -0.0000000000000001, 0.5338593342274637, -0.0000000000000001, 0.5338593342274637, -0.0000000000000001, -0.5338593342274638, -0.0000000000000001, -0.5338593342274638
0.0600000000000000, 0.0000000000000000, 0.0000000000000000, 0.2000000000000000, 1.0000000000000000, 0.0000000000000000, 0.0000000000000000, 0.0000000000000000, 0.0000000000000000, 0.0000000000000000, 0.0000000000000000, 0.0000000000000000, 0.0000000000000000, 0.0000000000000000, 0.8883648438913904, -1.8161482537881488, 0.8883648438913904, -1.8161482537881488, -0.8883648438913901, 1.8161482537881488, -0.8883648438913901, 1.8161482537881488, -0.0000000000000000, -0.0000000000000000, -0.0000000000000000, -0.0000000000000000, -0.0000000000000000, -0.0000000000000000, -0.0000000000000000, -0.0000000000000000, -0.0000000000000001, 0.5338593342274637, -0.0000000000000001, 0.5338593342274637, -0.0000000000000001, -0.5338593342274638, -0.0000000000000001, -0.5338593342274638
0.0800000000000000, 0.0000000000000000, 0.0000000000000000, 0.2000000000000000, 1.0000000000000000, 0.0000000000000000, 0.0000000000000000, 0.0000000000000000, 0.0000000000000000, 0.0000000000000000, 0.0000000000000000, 0.0000000000000000, 0.0000000000000000, 0.0000000000000000, 0.8883648438913904, -1.8161482537881488, 0.8883648438913904, -1.8161482537881488, -0.8883648438913901, 1.8161482537881488, -0.8883648438913901, 1.8161482537881488, -0.0000000000000000, -0.0000000000000000, -0.0000000000000000, -0.0000000000000000, -0.0000000000000000, -0.0000000000000000, -0.0000000000000000, -0.0000000000000000, -0.0000000000000001, 0.5338593342274637, -0.0000000000000001, 0.5338593342274637, -0.0000000000000001, -0.5338593342274638, -0.0000000000000001, -0.5338593342274638
0.1000000000000000, 0.0000000000000000, 0.0000000000000000, 0.2000000000000000, 1.0000000000000000, 0.0000000000000000, 0.0000000000000000, 0.0000000000000000, 0.0000000000000000, 0.0000000000000000, 0.0000000000000000, 0.0000000000000000, 0.0000000000000000, 0.0000000000000000, 0.8883648438913904, -1.8161482537881488, 0.8883648438913904, -1.8161482537881488, -0.8883648438913901, 1.8161482537881488, -0.8883648438913901, 1.8161482537881488, -0.0000000000000000, -0.0000000000000000, -0.0000000000000000, -0.0000000000000000, -0.0000000000000000, -0.0000000000000000, -0.0000000000000000, -0.0000000000000000, -0.0000000000000001, 0.5338593342274637, -0.0000000000000001, 0.5338593342274637, -0.0000000000000001, -0.5338593342274638, -0.0000000000000001, -0.5338593342274638
0.1200000000000000, 0.0000000000000000, 0.0000000000000000, 0.2000000000000000, 1.0000000000000000, 0.0000000000000000, 0.0000000000000000, 0.0000000000000000, 0.0000000000000000, 0.0000000000000000, 0.0000000000000000, 0.0000000000000000, 0.0000000000000000, 0.0000000000000000, 0.8883648438913904, -1.8161482537881488, 0.8883648438913904, -1.8161482537881488, -0.8883648438913901, 1.8161482537881488, -0.8883648438913901, 1.8161482537881488, -0.0000000000000000, -0.0000000000000000, -0.0000000000000000, -0.0000000000000000, -0.0000000000000000, -0.0000000000000000, -0.0000000000000000, -0.0000000000000000, -0.0000000000000001, 0.5338593342274637, -0.0000000000000001, 0.5338593342274637, -0.0000000000000001, -0.5338593342274638, -0.0000000000000001, -0.5338593342274638
0.1400000000000000, 0.0000000000000000, 0.0000000000000000, 0.2000000000000000, 1.0000000000000000, 0.0000000000000000, 0.0000000000000000, 0.0000000000000000, 0.0000000000000000, 0.0000000000000000, 0.0000000000000000, 0.0000000000000000, 0.0000000000000000, 0.0000000000000000, 0.8883648438913904, -1.8161482537881488, 0.8883648438913904, -1.8161482537881488, -0.8883648438913901, 1.8161482537881488, -0.8883648438913901, 1.8161482537881488, -0.0000000000000000, -0.0000000000000000, -0.0000000000000000, -0.0000000000000000, -0.0000000000000000, -0.0000000000000000, -0.0000000000000000, -0.0000000000000000, -0.0000000000000001, 0.5338593342274637, -0.0000000000000001, 0.5338593342274637, -0.0000000000000001, -0.5338593342274638, -0.0000000000000001, -0.5338593342274638
0.1600000000000000, 0.0000000000000000, 0.0000000000000000, 0.2000000000000000, 1.0000000000000000, 0.0000000000000000, 0.0000000000000000, 0.0000000000000000, 0.0000000000000000, 0.0000000000000000, 0.0000000000000000, 0.0000000000000000, 0.0000000000000000, 0.0000000000000000, 0.8883648438913904, -1.8161482537881488, 0.8883648438913904, -1.8161482537881488, -0.8883648438913901, 1.8161482537881488, -0.8883648438913901, 1.8161482537881488, -0.0000000000000000, -0.0000000000000000, -0.0000000000000000, -0.0000000000000000, -0.0000000000000000, -0.0000000000000000, -0.0000000000000000, -0.0000000000000000, -0.0000000000000001, 0.5338593342274637, -0.0000000000000001, 0.5338593342274637, -0.0000000000000001, -0.5338593342274638, -0.0000000000000001, -0.5338593342274638
0.1800000000000000, 0.0000000000000000, 0.0000000000000000, 0.2000000000000000, 1.0000000000000000, 0.0000000000000000, 0.0000000000000000, 0.0000000000000000, 0.0000000000000000, 0.0000000000000000, 0.0000000000000000, 0.0000000000000000, 0.0000000000000000, 0.0000000000000000, 0.8883648438913904, -1.8161482537881488, 0.8883648438913904, -1.8161482537881488, -0.8883648438913901, 1.8161482537881488, -0.8883648438913901, 1.8161482537881488, -0.0000000000000000, -0.0000000000000000, -0.0000000000000000, -0.0000000000000000, -0.0000000000000000, -0.0000000000000000, -0.0000000000000000, -0.0000000000000000, -0.0000000000000001, 0.5338593342274637, -0.0000000000000001, 0.5338593342274637, -0.0000000000000001, -0.5338593342274638, -0.0000000000000001, -0.5338593342274638
0.2000000000000000, 0.0000000000000000, 0.0000000000000000, 0.2000000000000000, 1.0000000000000000, 0.0000000000000000, 0.0000000000000000, 0.0000000000000000, 0.0000000000000000, 0.0000000000000000, 0.0000000000000000, 0.0000000000000000, 0.0000000000000000, 0.0000000000000000, 0.8883648438913904, -1.8161482537881488, 0.8883648438913904, -1.8161482537881488, -0.8883648438913901, 1.8161482537881488, -0.8883648438913901, 1.8161482537881488, -0.0000000000000000, -0.0000000000000000, -0.0000000000000000, -0.0000000000000000, -0.0000000000000000, -0.0000000000000000, -0.0000000000000000, -0.0000000000000000, -0.0000000000000001, 0.5338593342274637, -0.0000000000000001, 0.5338593342274637, -0.0000000000000001, -0.5338593342274638, -0.0000000000000001, -0.5338593342274638
0.2200000000000000, 0.0000000000000000, 0.0000000000000000, 0.2000000000000000, 1.0000000000000000, 0.0000000000000000, 0.0000000000000000, 0.0000000000000000, 0.0000000000000000, 0.0000000000000000, 0.0000000000000000, 0.0000000000000000, 0.0000000000000000, 0.0000000000000000, 0.8883648438913904, -1.8161482537881488, 0.8883648438913904, -1.8161482537881488, -0.8883648438913901, 1.8161482537881488, -0.8883648438913901, 1.8161482537881488, -0.0000000000000000, -0.0000000000000000, -0.0000000000000000, -0.0000000000000000, -0.0000000000000000, -0.0000000000000000, -0.0000000000000000, -0.0000000000000000, -0.0000000000000001, 0.5338593342274637, -0.0000000000000001, 0.5338593342274637, -0.0000000000000001, -0.5338593342274638, -0.0000000000000001, -0.5338593342274638
0.2400000000000000, 0.0000000000000000, 0.0000000000000000, 0.2000000000000000, 1.0000000000000000, 0.0000000000000000, 0.0000000000000000, 0.0000000000000000, 0.0000000000000000, 0.0000000000000000, 0.0000000000000000, 0.0000000000000000, 0.0000000000000000, 0.0000000000000000, 0.8883648438913904, -1.8161482537881488, 0.8883648438913904, -1.8161482537881488, -0.8883648438913901, 1.8161482537881488, -0.8883648438913901, 1.8161482537881488, -0.0000000000000000, -0.0000000000000000, -0.0000000000000000, -0.0000000000000000, -0.0000000000000000, -0.0000000000000000, -0.0000000000000000, -0.0000000000000000, -0.0000000000000001, 0.5338593342274637, -0.0000000000000001, 0.5338593342274637, -0.0000000000000001, -0.5338593342274638, -0.0000000000000001, -0.5338593342274638
0.2600000000000000, 0.0000000000000000, 0.0000000000000000, 0.2000000000000000, 1.0000000000000000, 0.0000000000000000, 0.0000000000000000, 0.0000000000000000, 0.0000000000000000, 0.0000000000000000, 0.0000000000000000, 0.0000000000000000, 0.0000000000000000, 0.0000000000000000, 0.8883648438913904, -1.8161482537881488, 0.8883648438913904, -1.8161482537881488, -0.8883648438913901, 1.8161482537881488, -0.8883648438913901, 1.8161482537881488, -0.0000000000000000, -0.0000000000000000, -0.0000000000000000, -0.0000000000000000, -0.0000000000000000, -0.0000000000000000, -0.0000000000000000, -0.0000000000000000, -0.0000000000000001, 0.5338593342274637, -0.0000000000000001, 0.5338593342274637, -0.0000000000000001, -0.5338593342274638, -0.0000000000000001, -0.5338593342274638
0.2800000000000000, 0.0000000000000000, 0.0000000000000000, 0.2000000000000000, 1.0000000000000000, 0.0000000000000000, 0.0000000000000000, 0.0000000000000000, 0.0000000000000000, 0.0000000000000000, 0.0000000000000000, 0.0000000000000000, 0.0000000000000000, 0.0000000000000000, 0.8883648438913904, -1.8161482537881488, 0.8883648438913904, -1.8161482537881488, -0.8883648438913901, 1.8161482537881488, -0.8883648438913901, 1.8161482537881488, -0.0000000000000000, -0.0000000000000000, -0.0000000000000000, -0.0000000000000000, -0.0000000000000000, -0.0000000000000000, -0.0000000000000000, -0.0000000000000000, -0.0000000000000001, 0.5338593342274637, -0.0000000000000001, 0.5338593342274637, -0.0000000000000001, -0.5338593342274638, -0.0000000000000001, -0.5338593342274638
0.3000000000000000, 0.0000000000000000, 0.0000000000000000, 0.2000000000000000, 1.0000000000000000, 0.0000000000000000, 0.0000000000000000, 0.0000000000000000, 0.0000000000000000, 0.0000000000000000, 0.0000000000000000, 0.0000000000000000, 0.0000000000000000, 0.0000000000000000, 0.8883648438913904, -1.8161482537881488, 0.8883648438913904, -1.8161482537881488, -0.8883648438913901, 1.8161482537881488, -0.8883648438913901, 1.8161482537881488, -0.0000000000000000, -0.0000000000000000, -0.0000000000000000, -0.0000000000000000, -0.0000000000000000, -0.0000000000000000, -0.0000000000000000, -0.0000000000000000, -0.0000000000000001, 0.5338593342274637, -0.0000000000000001, 0.5338593342274637, -0.0000000000000001, -0.5338593342274638, -0.0000000000000001, -0.5338593342274638
0.3200000000000000, 0.0000000000000000, 0.0000000000000000, 0.2000000000000000, 1.0000000000000000, 0.0000000000000000, 0.0000000000000000, 0.0000000000000000, 0.0000000000000000, 0.0000000000000000, 0.0000000000000000, 0.0000000000000000, 0.0000000000000000, 0.0000000000000000, 0.8883648438913904, -1.8161482537881488, 0.8883648438913904, -1.8161482537881488, -0.8883648438913901, 1.8161482537881488, -0.8883648438913901, 1.8161482537881488, -0.0000000000000000, -0.0000000000000000, -0.0000000000000000, -0.0000000000000000, -0.0000000000000000, -0.0000000000000000, -0.0000000000000000, -0.0000000000000000, -0.0000000000000001, 0.5338593342274637, -0.0000000000000001, 0.5338593342274637, -0.0000000000000001, -0.5338593342274638, -0.0000000000000001, -0.5338593342274638
0.3400000000000000, 0.0000000000000000, 0.0000000000000000, 0.2000000000000000, 1.0000000000000000, 0.0000000000000000, 0.0000000000000000, 0.0000000000000000, 0.0000000000000000, 0.0000000000000000, 0.0000000000000000, 0.0000000000000000, 0.0000000000000000, 0.0000000000000000, 0.8883648438913904, -1.8161482537881488, 0.8883648438913904, -1.8161482537881488, -0.8883648438913901, 1.8161482537881488, -0.8883648438913901, 1.8161482537881488, -0.0000000000000000, -0.0000000000000000, -0.0000000000000000, -0.0000000000000000, -0.0000000000000000, -0.0000000000000000, -0.0000000000000000, -0.0000000000000000, -0.0000000000000001, 0.5338593342274637, -0.0000000000000001, 0.5338593342274637, -0.0000000000000001, -0.5338593342274638, -0.0000000000000001, -0.5338593342274638
0.3600000000000000, 0.0000000000000000, 0.0000000000000000, 0.2000000000000000, 1.0000000000000000, 0.0000000000000000, 0.0000000000000000, 0.0000000000000000, 0.0000000000000000, 0.0000000000000000, 0.0000000000000000, 0.0000000000000000, 0.0000000000000000, 0.0000000000000000, 0.8883648438913904, -1.8161482537881488, 0.8883648438913904, -1.8161482537881488, -0.8883648438913901, 1.8161482537881488, -0.8883648438913901, 1.8161482537881488, -0.0000000000000000, -0.0000000000000000, -0.0000000000000000, -0.0000000000000000, -0.0000000000000000, -0.0000000000000000, -0.0000000000000000, -0.0000000000000000, -0.0000000000000001, 0.5338593342274637, -0.0000000000000001, 0.5338593342274637, -0.0000000000000001, -0.5338593342274638, -0.0000000000000001, -0.5338593342274638
0.3800000000000000, 0.0000000000000000, 0.0000000000000000, 0.2000000000000000, 1.0000000000000000, 0.0000000000000000, 0.0000000000000000, 0.0000000000000000, 0.0000000000000000, 0.0000000000000000, 0.0000000000000000, 0.0000000000000000, 0.0000000000000000, 0.0000000000000000, 0.8883648438913904, -1.8161482537881488, 0.8883648438913904, -1.8161482537881488, -0.8883648438913901, 1.8161482537881488, -0.8883648438913901, 1.8161482537881488, -0.0000000000000000, -0.0000000000000000, -0.0000000000000000, -0.0000000000000000, -0.0000000000000000, -0.0000000000000000, -0.0000000000000000, -0.0000000000000000, -0.0000000000000001, 0.5338593342274637, -0.0000000000000001, 0.5338593342274637, -0.0000000000000001, -0.5338593342274638, -0.0000000000000001, -0.5338593342274638
0.4000000000000000, 0.0000000000000000, 0.0000000000000000, 0.2000000000000000, 1.0000000000000000, 0.0000000000000000, 0.0000000000000000, 0.0000000000000000, 0.0000000000000000, 0.0000000000000000, 0.0000000000000000, 0.0000000000000000, 0.0000000000000000, 0.0000000000000000, 0.8883648438913904, -1.8161482537881488, 0.8883648438913904, -1.8161482537881488, -0.8883648438913901, 1.8161482537881488, -0.8883648438913901, 1.8161482537881488, -0.0000000000000000, -0.0000000000000000, -0.0000000000000000, -0.0000000000000000, -0.0000000000000000, -0.0000000000000000, -0.0000000000000000, -0.0000000000000000, -0.0000000000000001, 0.5338593342274637, -0.0000000000000001, 0.5338593342274637, -0.0000000000000001, -0.5338593342274638, -0.0000000000000001, -0.5338593342274638
0.4200000000000000, 0.0000000000000000, 0.0000000000000000, 0.2055720800000000, 1.0000000000000000, 0.0000000000000000, 0.0000000000000000, 0.0000000000000000, 0.0000000000000000, 0.0000000000000000, 0.0000000000000000, 0.0000000000000000, 0.0000000000000000, 0.0000000000000000, 0.8672847061015231, -1.7722532164076856, 0.8672847061015231, -1.7722532164076856, -0.8672847061015229, 1.7722532164076856, -0.8672847061015229, 1.7722532164076856, -1.0540068894933641, 2.1947518690231593, -1.0540068894933641, 2.1947518690231593, 1.0540068894933641, -2.1947518690231593, 1.0540068894933641, -2.1947518690231593, -0.0000000000000001, 0.5245955169128959, -0.0000000000000001, 0.5245955169128959, -0.0000000000000001, -0.5245955169128960, -0.0000000000000001, -0.5245955169128960
0.4400000000000000, 0.0000000000000000, 0.0000000000000000, 0.2210326400000000, 1.0000000000000000, 0.0000000000000000, 0.0000000000000000, 0.0000000000000000, 0.0000000000000000, 0.0000000000000000, 0.0000000000000000, 0.0000000000000000, 0.0000000000000000, 0.0000000000000000, 0.8064376341446196, -1.6460486200652589, 0.8064376341446196, -1.6460486200652589, -0.8064376341446193, 1.6460486200652589, -0.8064376341446193, 1.6460486200652589, -3.0423535978451763, 6.3102298171213373, -3.0423535978451763, 6.3102298171213373, 3.0423535978451763, -6.3102298171213373, 3.0423535978451763, -6.3102298171213373, 0.0000000000000002, 0.4965632859409997, 0.0000000000000002, 0.4965632859409997, -0.0000000000000002, -0.4965632859409998, -0.0000000000000002, -0.4965632859409998
0.4600000000000000, 0.0000000000000000, 0.0000000000000000, 0.2444981600000000, 1.0000000000000000, 0.0000000000000000, 0.0000000000000000, 0.0000000000000000, 0.0000000000000000, 0.0000000000000000, 0.0000000000000000, 0.0000000000000000, 0.0000000000000000, 0.0000000000000000, 0.7058757910377318, -1.4387013267261126, 0.7058757910377318, -1.4387013267261126, -0.7058757910377316, 1.4387013267261126, -0.7058757910377316, 1.4387013267261126, -5.0280921553443880, 10.3673646669573127, -5.0280921553443880, 10.3673646669573127, 5.0280921553443880, -10.3673646669573127, 5.0280921553443880, -10.3673646669573127, 0.0000000000000000, 0.4462581666574592, 0.0000000000000000, 0.4462581666574592, -0.0000000000000001, -0.4462581666574592, -0.0000000000000001, -0.4462581666574592
0.4800000000000000, 0.0000000000000000, 0.0000000000000000, 0.2740851200000000, 1.0000000000000000, 0.0000000000000000, 0.0000000000000000, 0.0000000000000000, 0.0000000000000000, 0.0000000000000000, 0.0000000000000000, 0.0000000000000000, 0.0000000000000000, 0.0000000000000000, 0.5576008324454852, -1.1348106975177534, 0.5576008324454852, -1.1348106975177534, -0.5576008324454850, 1.1348106975177534, -0.5576008324454850, 1.1348106975177534, -7.4137479296123301, 15.1945314604179593, -7.4137479296123301, 15.1945314604179593, 7.4137479296123301, -15.1945314604179593, 7.4137479296123301, -15.1945314604179593, -0.0000000000000000, 0.3640175263735289, -0.0000000000000000, 0.3640175263735289, 0.0000000000000001, -0.3640175263735289, 0.0000000000000001, -0.3640175263735289
0.5000000000000000, 0.0000000000000000, 0.0000000000000000, 0.3079100000000000, 1.0000000000000000, 0.0000000000000000, 0.0000000000000000, 0.0000000000000000, 0.0000000000000000, 0.0000000000000000, 0.0000000000000000, 0.0000000000000000, 0.0000000000000000, 0.0000000000000000, 0.3205791449564001, -0.6515524215422399, 0.3205791449564001, -0.6515524215422399, -0.3205791449564000, 0.6515524215422399, -0.3205791449564000, 0.6515524215422399, -11.8510843744542544, 24.1629137987756764, -11.8510843744542544, 24.1629137987756764, 11.8510843744542491, -24.1629137987756764, 11.8510843744542491, -24.1629137987756764, 0.0000000000000001, 0.2167767420587271, 0.0000000000000001, 0.2167767420587271, -0.0000000000000002, -0.2167767420587271, -0.0000000000000002, -0.2167767420587271
0.5200000000000000, 0.0000000000000000, 0.0000000000000000, 0.3440892800000000, 1.0000000000000000, 0.0000000000000000, 0.0000000000000000, 0.0000000000000000, 0.0000000000000000, 0.0000000000000000, 0.0000000000000000, 0.0000000000000000, 0.0000000000000000, 0.0000000000000000, 0.3125420353450273, -0.6351986679475286, 0.3125420353450273, -0.6351986679475286, -0.3125420353450272, 0.6351986679475286, -0.3125420353450272, 0.6351986679475286, -0.4018554805686386, 0.8176876797355681, -0.4018554805686386, 0.8176876797355681, 0.4018554805686386, -0.8176876797355681, 0.4018554805686386, -0.8176876797355681, -0.0000000000000000, -0.0000000000000000, -0.0000000000000000, -0.0000000000000000, -0.0000000000000000, -0.0000000000000000, -0.0000000000000000, -0.0000000000000000
0.5400000000000000, 0.0000000000000000, 0.0000000000000000, 0.3807394400000000, 1.0000000000000000, 0.0000000000000000, 0.0000000000000000, 0.0000000000000000, 0.0000000000000000, 0.0000000000000000, 0.0000000000000000, 0.0000000000000000, 0.0000000000000000, 0.0000000000000000, 0.3125420353450273, -0.6351986679475286, 0.3125420353450273, -0.6351986679475286, -0.3125420353450272, 0.6351986679475286, -0.3125420353450272, 0.6351986679475286, -0.0000000000000000, -0.0000000000000000, -0.0000000000000000, -0.0000000000000000, -0.0000000000000000, -0.0000000000000000, -0.0000000000000000, -0.0000000000000000, -0.0000000000000000, -0.0000000000000000, -0.0000000000000000, -0.0000000000000000, -0.0000000000000000, -0.0000000000000000, -0.0000000000000000, -0.0000000000000000
0.5600000000000001, 0.0000000000000000, 0.0000000000000000, 0.4159769600000001, 1.0000000000000000, 0.0000000000000000, 0.0000000000000000, 0.0000000000000000, 0.0000000000000000, 0.0000000000000000, 0.0000000000000000, 0.0000000000000000, 0.0000000000000000, 0.0000000000000000, 0.3125420353450273, -0.6351986679475286, 0.3125420353450273, -0.6351986679475286, -0.3125420353450272, 0.6351986679475286, -0.3125420353450272, 0.6351986679475286, -0.0000000000000000, -0.0000000000000000, -0.0000000000000000, -0.0000000000000000, -0.0000000000000000, -0.0000000000000000, -0.0000000000000000, -0.0000000000000000, -0.0000000000000000, -0.0000000000000000, -0.0000000000000000, -0.0000000000000000, -0.0000000000000000, -0.0000000000000000, -0.0000000000000000, -0.0000000000000000
0.5800000000000000, 0.0000000000000000, 0.0000000000000000, 0.4479183199999999, 1.0000000000000000, 0.0000000000000000, 0.0000000000000000, 0.0000000000000000, 0.0000000000000000, 0.0000000000000000, 0.0000000000000000, 0.0000000000000000, 0.0000000000000000, 0.0000000000000000, 0.3125420353450273, -0.6351986679475286, 0.3125420353450273, -0.6351986679475286, -0.3125420353450272, 0.6351986679475286, -0.3125420353450272, 0.6351986679475286, -0.0000000000000000, -0.0000000000000000, -0.0000000000000000, -0.0000000000000000, -0.0000000000000000, -0.0000000000000000, -0.0000000000000000, -0.0000000000000000, -0.0000000000000000, -0.0000000000000000, -0.0000000000000000, -0.0000000000000000, -0.0000000000000000, -0.0000000000000000, -0.0000000000000000, -0.0000000000000000
0.6000000000000000, 0.0000000000000000, 0.0000000000000000, 0.4746799999999999, 1.0000000000000000, 0.0000000000000000, 0.0000000000000000, 0.0000000000000000, 0.0000000000000000, 0.0000000000000000, 0.0000000000000000, 0.0000000000000000, 0.0000000000000000, 0.0000000000000000, 0.3125420353450273, -0.6351986679475286, 0.3125420353450273, -0.6351986679475286, -0.3125420353450272, 0.6351986679475286, -0.3125420353450272, 0.6351986679475286, -0.0000000000000000, -0.0000000000000000, -0.0000000000000000, -0.0000000000000000, -0.0000000000000000, -0.0000000000000000, -0.0000000000000000, -0.0000000000000000, -0.0000000000000000, -0.0000000000000000, -0.0000000000000000, -0.0000000000000000, -0.0000000000000000, -0.0000000000000000, -0.0000000000000000, -0.0000000000000000
0.6200000000000000, 0.0000000000000000, 0.0000000000000000, 0.4943784800000001, 1.0000000000000000, 0.0000000000000000, 0.0000000000000000, 0.0000000000000000, 0.0000000000000000, 0.0000000000000000, 0.0000000000000000, 0.0000000000000000, 0.0000000000000000, 0.0000000000000000, 0.3125420353450273, -0.6351986679475286, 0.3125420353450273, -0.6351986679475286, -0.3125420353450272, 0.6351986679475286, -0.3125420353450272, 0.6351986679475286, -0.0000000000000000, -0.0000000000000000, -0.0000000000000000, -0.0000000000000000, -0.0000000000000000, -0.0000000000000000, -0.0000000000000000, -0.0000000000000000, -0.0000000000000000, -0.0000000000000000, -0.0000000000000000, -0.0000000000000000, -0.0000000000000000, -0.0000000000000000, -0.0000000000000000, -0.0000000000000000
0.6400000000000000, 0.0000000000000000, 0.0000000000000000, 0.5051302400000000, 1.0000000000000000, 0.0000000000000000, 0.0000000000000000, 0.0000000000000000, 0.0000000000000000, 0.0000000000000000, 0.0000000000000000, 0.0000000000000000, 0.0000000000000000, 0.0000000000000000, 0.3125420353450273, -0.6351986679475286, 0.3125420353450273, -0.6351986679475286, -0.3125420353450272, 0.6351986679475286, -0.3125420353450272, 0.6351986679475286, -0.0000000000000000, -0.0000000000000000, -0.0000000000000000, -0.0000000000000000, -0.0000000000000000, -0.0000000000000000, -0.0000000000000000, -0.0000000000000000, -0.0000000000000000, -0.0000000000000000, -0.0000000000000000, -0.0000000000000000, -0.0000000000000000, -0.0000000000000000, -0.0000000000000000, -0.0000000000000000
0.6600000000000000, 0.0000000000000000, 0.0000000000000000, 0.5051302400000000, 1.0000000000000000, 0.0000000000000000, 0.0000000000000000, 0.0000000000000000, 0.0000000000000000, 0.0000000000000000, 0.0000000000000000, 0.0000000000000000, 0.0000000000000000, 0.0000000000000000, 0.3125420353450273, -0.6351986679475286, 0.3125420353450273, -0.6351986679475286, -0.3125420353450272, 0.6351986679475286, -0.3125420353450272, 0.6351986679475286, -0.0000000000000000, -0.0000000000000000, -0.0000000000000000, -0.0000000000000000, -0.0000000000000000, -0.0000000000000000, -0.0000000000000000, -0.0000000000000000, -0.0000000000000000, -0.0000000000000000, -0.0000000000000000, -0.0000000000000000, -0.0000000000000000, -0.0000000000000000, -0.0000000000000000, -0.0000000000000000
0.6800000000000000, 0.0000000000000000, 0.0000000000000000, 0.4943784800000000, 1.0000000000000000, 0.0000000000000000, 0.0000000000000000, 0.0000000000000000, 0.0000000000000000, 0.0000000000000000, 0.0000000000000000, 0.0000000000000000, 0.0000000000000000, 0.0000000000000000, 0.3125420353450273, -0.6351986679475286, 0.3125420353450273, -0.6351986679475286, -0.3125420353450272, 0.6351986679475286, -0.3125420353450272, 0.6351986679475286, -0.0000000000000000, -0.0000000000000000, -0.0000000000000000, -0.0000000000000000, -0.0000000000000000, -0.0000000000000000, -0.0000000000000000, -0.0000000000000000, -0.0000000000000000, -0.0000000000000000, -0.0000000000000000, -0.0000000000000000, -0.0000000000000000, -0.0000000000000000, -0.0000000000000000, -0.0000000000000000
0.7000000000000001, 0.0000000000000000, 0.0000000000000000, 0.4746799999999999, 1.0000000000000000, 0.0000000000000000, 0.0000000000000000, 0.0000000000000000, 0.0000000000000000, 0.0000000000000000, 0.0000000000000000, 0.0000000000000000, 0.0000000000000000, 0.0000000000000000, 0.3125420353450273, -0.6351986679475286, 0.3125420353450273, -0.6351986679475286, -0.3125420353450272, 0.6351986679475286, -0.3125420353450272, 0.6351986679475286, -0.0000000000000000, -0.0000000000000000, -0.0000000000000000, -0.0000000000000000, -0.0000000000000000, -0.0000000000000000, -0.0000000000000000, -0.0000000000000000, -0.0000000000000000, -0.0000000000000000, -0.0000000000000000, -0.0000000000000000, -0.0000000000000000, -0.0000000000000000, -0.0000000000000000, -0.0000000000000000
0.7200000000000000, 0.0000000000000000, 0.0000000000000000, 0.4479183200000001, 1.0000000000000000, 0.0000000000000000, 0.0000000000000000, 0.0000000000000000, 0.0000000000000000, 0.0000000000000000, 0.0000000000000000, 0.0000000000000000, 0.0000000000000000, 0.0000000000000000, 0.3125420353450273, -0.6351986679475286, 0.3125420353450273, -0.6351986679475286, -0.3125420353450272, 0.6351986679475286, -0.3125420353450272, 0.6351986679475286, -0.0000000000000000, -0.0000000000000000, -0.0000000000000000, -0.0000000000000000, -0.0000000000000000, -0.0000000000000000, -0.0000000000000000, -0.0000000000000000, -0.0000000000000000, -0.0000000000000000, -0.0000000000000000, -0.0000000000000000, -0.0000000000000000, -0.0000000000000000, -0.0000000000000000, -0.0000000000000000
0.7400000000000000, 0.0000000000000000, 0.0000000000000000, 0.4159769600000001, 1.0000000000000000, 0.0000000000000000, 0.0000000000000000, 0.0000000000000000, 0.0000000000000000, 0.0000000000000000, 0.0000000000000000, 0.0000000000000000, 0.0000000000000000, 0.0000000000000000, 0.3125420353450273, -0.6351986679475286, 0.3125420353450273, -0.6351986679475286, -0.3125420353450272, 0.6351986679475286, -0.3125420353450272, 0.6351986679475286, -0.0000000000000000, -0.0000000000000000, -0.0000000000000000, -0.0000000000000000, -0.0000000000000000, -0.0000000000000000, -0.0000000000000000, -0.0000000000000000, -0.0000000000000000, -0.0000000000000000, -0.0000000000000000, -0.0000000000000000, -0.0000000000000000, -0.0000000000000000, -0.0000000000000000, -0.0000000000000000
0.7600000000000000, 0.0000000000000000, 0.0000000000000000, 0.3807394400000000, 1.0000000000000000, 0.0000000000000000, 0.0000000000000000, 0.0000000000000000, 0.0000000000000000, 0.0000000000000000, 0.0000000000000000, 0.0000000000000000, 0.0000000000000000, 0.0000000000000000, 0.3125420353450273, -0.6351986679475286, 0.3125420353450273, -0.6351986679475286, -0.3125420353450272, 0.6351986679475286, -0.3125420353450272, 0.6351986679475286, -0.0000000000000000, -0.0000000000000000, -0.0000000000000000, -0.0000000000000000, -0.0000000000000000, -0.0000000000000000, -0.0000000000000000, -0.0000000000000000, -0.0000000000000000, -0.0000000000000000, -0.0000000000000000, -0.0000000000000000, -0.0000000000000000, -0.0000000000000000, -0.0000000000000000, -0.0000000000000000
0.7800000000000000, 0.0000000000000000, 0.0000000000000000, 0.3440892800000000, 1.0000000000000000, 0.0000000000000000, 0.0000000000000000, 0.0000000000000000, 0.0000000000000000, 0.0000000000000000, 0.0000000000000000, 0.0000000000000000, 0.0000000000000000, 0.0000000000000000, 0.3125420353450273, -0.6351986679475286, 0.3125420353450273, -0.6351986679475286, -0.3125420353450272, 0.6351986679475286, -0.3125420353450272, 0.6351986679475286, -0.0000000000000000, -0.0000000000000000, -0.0000000000000000, -0.0000000000000000, -0.0000000000000000, -0.0000000000000000, -0.0000000000000000, -0.0000000000000000, -0.0000000000000000, -0.0000000000000000, -0.0000000000000000, -0.0000000000000000, -0.0000000000000000, -0.0000000000000000, -0.0000000000000000, -0.0000000000000000
0.8000000000000000, 0.0000000000000000, 0.0000000000000000, 0.3079100000000000, 1.0000000000000000, 0.0000000000000000, 0.0000000000000000, 0.0000000000000000, 0.0000000000000000, 0.0000000000000000, 0.0000000000000000, 0.0000000000000000, 0.0000000000000000, 0.0000000000000000, 0.3205791449564001, -0.6515524215422390, 0.3205791449564001, -0.6515524215422390, -0.3205791449564000, 0.6515524215422390, -0.3205791449564000, 0.6515524215422390, 0.4018554805686386, -0.8176876797355237, 0.4018554805686386, -0.8176876797355237, -0.4018554805686386, 0.8176876797355237, -0.4018554805686386, 0.8176876797355237, -0.0000000000000004, 0.2167767420587265, -0.0000000000000004, 0.2167767420587265, 0.0000000000000004, -0.2167767420587266, 0.0000000000000004, -0.2167767420587266
0.8200000000000001, 0.0000000000000000, 0.0000000000000000, 0.2740851200000000, 1.0000000000000000, 0.0000000000000000, 0.0000000000000000, 0.0000000000000000, 0.0000000000000000, 0.0000000000000000, 0.0000000000000000, 0.0000000000000000, 0.0000000000000000, 0.0000000000000000, 0.5576008324454852, -1.1348106975177534, 0.5576008324454852, -1.1348106975177534, -0.5576008324454850, 1.1348106975177534, -0.5576008324454850, 1.1348106975177534, 11.8510843744542544, -24.1629137987757190, 11.8510843744542544, -24.1629137987757190, -11.8510843744542491, 24.1629137987757190, -11.8510843744542491, 24.1629137987757190, -0.0000000000000000, 0.3640175263735289, -0.0000000000000000, 0.3640175263735289, 0.0000000000000001, -0.3640175263735289, 0.0000000000000001, -0.3640175263735289
0.8400000000000000, 0.0000000000000000, 0.0000000000000000, 0.2444981600000001, 1.0000000000000000, 0.0000000000000000, 0.0000000000000000, 0.0000000000000000, 0.0000000000000000, 0.0000000000000000, 0.0000000000000000, 0.0000000000000000, 0.0000000000000000, 0.0000000000000000, 0.7058757910377317, -1.4387013267261122, 0.7058757910377317, -1.4387013267261122, -0.7058757910377315, 1.4387013267261122, -0.7058757910377315, 1.4387013267261122, 7.4137479296123239, -15.1945314604179362, 7.4137479296123239, -15.1945314604179362, -7.4137479296123239, 15.1945314604179362, -7.4137479296123239, 15.1945314604179362, -0.0000000000000001, 0.4462581666574590, -0.0000000000000001, 0.4462581666574590, 0.0000000000000001, -0.4462581666574590, 0.0000000000000001, -0.4462581666574590
0.8600000000000000, 0.0000000000000000, 0.0000000000000000, 0.2210326400000001, 1.0000000000000000, 0.0000000000000000, 0.0000000000000000, 0.0000000000000000, 0.0000000000000000, 0.0000000000000000, 0.0000000000000000, 0.0000000000000000, 0.0000000000000000, 0.0000000000000000, 0.8064376341446194, -1.6460486200652584, 0.8064376341446194, -1.6460486200652584, -0.8064376341446192, 1.6460486200652584, -0.8064376341446192, 1.6460486200652584, 5.0280921553443880, -10.3673646669573127, 5.0280921553443880, -10.3673646669573127, -5.0280921553443880, 10.3673646669573127, -5.0280921553443880, 10.3673646669573127, -0.0000000000000000, 0.4965632859409995, -0.0000000000000000, 0.4965632859409995, -0.0000000000000001, -0.4965632859409997, -0.0000000000000001, -0.4965632859409997
0.8800000000000000, 0.0000000000000000, 0.0000000000000000, 0.2055720800000001, 1.0000000000000000, 0.0000000000000000, 0.0000000000000000, 0.0000000000000000, 0.0000000000000000, 0.0000000000000000, 0.0000000000000000, 0.0000000000000000, 0.0000000000000000, 0.0000000000000000, 0.8672847061015226, -1.7722532164076847, 0.8672847061015226, -1.7722532164076847, -0.8672847061015224, 1.7722532164076847, -0.8672847061015224, 1.7722532164076847, 3.0423535978451599, -6.3102298171213151, 3.0423535978451599, -6.3102298171213151, -3.0423535978451599, 6.3102298171213151, -3.0423535978451599, 6.3102298171213151, 0.0000000000000001, 0.5245955169128957, 0.0000000000000001, 0.5245955169128957, -0.0000000000000002, -0.5245955169128959, -0.0000000000000002, -0.5245955169128959
0.9000000000000000, 0.0000000000000000, 0.0000000000000000, 0.2000000000000000, 1.0000000000000000, 0.0000000000000000, 0.0000000000000000, 0.0000000000000000, 0.0000000000000000, 0.0000000000000000, 0.0000000000000000, 0.0000000000000000, 0.0000000000000000, 0.0000000000000000, 0.8883648438913904, -1.8161482537881488, 0.8883648438913904, -1.8161482537881488, -0.8883648438913901, 1.8161482537881488, -0.8883648438913901, 1.8161482537881488, 1.0540068894933863, -2.1947518690232037, 1.0540068894933863, -2.1947518690232037, -1.0540068894933863, 2.1947518690232037, -1.0540068894933863, 2.1947518690232037, -0.0000000000000001, 0.5338593342274637, -0.0000000000000001, 0.5338593342274637, -0.0000000000000001, -0.5338593342274638, -0.0000000000000001, -0.5338593342274638
0.9200000000000000, 0.0000000000000000, 0.0000000000000000, 0.2000000000000000, 1.0000000000000000, 0.0000000000000000, 0.0000000000000000, 0.0000000000000000, 0.0000000000000000, 0.0000000000000000, 0.0000000000000000, 0.0000000000000000, 0.0000000000000000, 0.0000000000000000, 0.8883648438913904, -1.8161482537881488, 0.8883648438913904, -1.8161482537881488, -0.8883648438913901, 1.8161482537881488, -0.8883648438913901, 1.8161482537881488, -0.0000000000000000, -0.0000000000000000, -0.0000000000000000, -0.0000000000000000, -0.0000000000000000, -0.0000000000000000, -0.0000000000000000, -0.0000000000000000, -0.0000000000000001, 0.5338593342274637, -0.0000000000000001, 0.5338593342274637, -0.0000000000000001, -0.5338593342274638, -0.0000000000000001, -0.5338593342274638
0.9400000000000001, 0.0000000000000000, 0.0000000000000000, 0.2000000000000000, 1.0000000000000000, 0.0000000000000000, 0.0000000000000000, 0.0000000000000000, 0.0000000000000000, 0.0000000000000000, 0.0000000000000000, 0.0000000000000000, 0.0000000000000000, 0.0000000000000000, 0.8883648438913904, -1.8161482537881488, 0.8883648438913904, -1.8161482537881488, -0.8883648438913901, 1.8161482537881488, -0.8883648438913901, 1.8161482537881488, -0.0000000000000000, -0.0000000000000000, -0.0000000000000000, -0.0000000000000000, -0.0000000000000000, -0.0000000000000000, -0.0000000000000000, -0.0000000000000000, -0.0000000000000001, 0.5338593342274637, -0.0000000000000001, 0.5338593342274637, -0.0000000000000001, -0.5338593342274638, -0.0000000000000001, -0.5338593342274638
0.9600000000000000, 0.0000000000000000, 0.0000000000000000, 0.2000000000000000, 1.0000000000000000, 0.0000000000000000, 0.0000000000000000, 0.0000000000000000, 0.0000000000000000, 0.0000000000000000, 0.0000000000000000, 0.0000000000000000, 0.0000000000000000, 0.0000000000000000, 0.8883648438913904, -1.8161482537881488, 0.8883648438913904, -1.8161482537881488, -0.8883648438913901, 1.8161482537881488, -0.8883648438913901, 1.8161482537881488, -0.0000000000000000, -0.0000000000000000, -0.0000000000000000, -0.0000000000000000, -0.0000000000000000, -0.0000000000000000, -0.0000000000000000, -0.0000000000000000, -0.0000000000000001, 0.5338593342274637, -0.0000000000000001, 0.5338593342274637, -0.0000000000000001, -0.5338593342274638, -0.0000000000000001, -0.5338593342274638
0.9800000000000000, 0.0000000000000000, 0.0000000000000000, 0.2000000000000000, 1.0000000000000000, 0.0000000000000000, 0.0000000000000000, 0.0000000000000000, 0.0000000000000000, 0.0000000000000000, 0.0000000000000000, 0.0000000000000000, 0.0000000000000000, 0.0000000000000000, 0.8883648438913904, -1.8161482537881488, 0.8883648438913904, -1.8161482537881488, -0.8883648438913901, 1.8161482537881488, -0.8883648438913901, 1.8161482537881488, -0.0000000000000000, -0.0000000000000000, -0.0000000000000000, -0.0000000000000000, -0.0000000000000000, -0.0000000000000000, -0.0000000000000000, -0.0000000000000000, -0.0000000000000001, 0.5338593342274637, -0.0000000000000001, 0.5338593342274637, -0.0000000000000001, -0.5338593342274638, -0.0000000000000001, -0.5338593342274638
1.0000000000000000, 0.0000000000000000, 0.0000000000000000, 0.2000000000000000, 1.0000000000000000, 0.0000000000000000, 0.0000000000000000, 0.0000000000000000, 0.0000000000000000, 0.0000000000000000, 0.0000000000000000, 0.0000000000000000, 0.0000000000000000, 0.0000000000000000, 0.8883648438913904, -1.8161482537881488, 0.8883648438913904, -1.8161482537881488, -0.8883648438913901, 1.8161482537881488, -0.8883648438913901, 1.8161482537881488, -0.0000000000000000, -0.0000000000000000, -0.0000000000000000, -0.0000000000000000, -0.0000000000000000, -0.0000000000000000, -0.0000000000000000, -0.0000000000000000, -0.0000000000000001, 0.5338593342274637, -0.0000000000000001, 0.5338593342274637, -0.0000000000000001, -0.5338593342274638, -0.0000000000000001, -0.5338593342274638
1.0200000000000000, 0.0000000000000000, 0.0000000000000000, 0.2000000000000000, 1.0000000000000000, 0.0000000000000000, 0.0000000000000000, 0.0000000000000000, 0.0000000000000000, 0.0000000000000000, 0.0000000000000000, 0.0000000000000000, 0.0000000000000000, 0.0000000000000000, 0.8883648438913904, -1.8161482537881488, 0.8883648438913904, -1.8161482537881488, -0.8883648438913901, 1.8161482537881488, -0.8883648438913901, 1.8161482537881488, -0.0000000000000000, -0.0000000000000000, -0.0000000000000000, -0.0000000000000000, -0.0000000000000000, -0.0000000000000000, -0.0000000000000000, -0.0000000000000000, -0.0000000000000001, 0.5338593342274637, -0.0000000000000001, 0.5338593342274637, -0.0000000000000001, -0.5338593342274638, -0.0000000000000001, -0.5338593342274638
1.0400000000000000, 0.0000000000000000, 0.0000000000000000, 0.2000000000000000, 1.0000000000000000, 0.0000000000000000, 0.0000000000000000, 0.0000000000000000, 0.0000000000000000, 0.0000000000000000, 0.0000000000000000, 0.0000000000000000, 0.0000000000000000, 0.0000000000000000, 0.8883648438913904, -1.8161482537881488, 0.8883648438913904, -1.8161482537881488, -0.8883648438913901, 1.8161482537881488, -0.8883648438913901, 1.8161482537881488, -0.0000000000000000, -0.0000000000000000, -0.0000000000000000, -0.0000000000000000, -0.0000000000000000, -0.0000000000000000, -0.0000000000000000, -0.0000000000000000, -0.0000000000000001, 0.5338593342274637, -0.0000000000000001, 0.5338593342274637, -0.0000000000000001, -0.5338593342274638, -0.0000000000000001, -0.5338593342274638
1.0600000000000001, 0.0000000000000000, 0.0000000000000000, 0.2000000000000000, 1.0000000000000000, 0.0000000000000000, 0.0000000000000000, 0.0000000000000000, 0.0000000000000000, 0.0000000000000000, 0.0000000000000000, 0.0000000000000000, 0.0000000000000000, 0.0000000000000000, 0.8883648438913904, -1.8161482537881488, 0.8883648438913904, -1.8161482537881488, -0.8883648438913901, 1.8161482537881488, -0.8883648438913901, 1.8161482537881488, -0.0000000000000000, -0.0000000000000000, -0.0000000000000000, -0.0000000000000000, -0.0000000000000000, -0.0000000000000000, -0.0000000000000000, -0.0000000000000000, -0.0000000000000001, 0.5338593342274637, -0.0000000000000001, 0.5338593342274637, -0.0000000000000001, -0.5338593342274638, -0.0000000000000001, -0.5338593342274638
1.0800000000000001, 0.0000000000000000, 0.0000000000000000, 0.2000000000000000, 1.0000000000000000, 0.0000000000000000, 0.0000000000000000, 0.0000000000000000, 0.0000000000000000, 0.0000000000000000, 0.0000000000000000, 0.0000000000000000, 0.0000000000000000, 0.0000000000000000, 0.8883648438913904, -1.8161482537881488, 0.8883648438913904, -1.8161482537881488, -0.8883648438913901, 1.8161482537881488, -0.8883648438913901, 1.8161482537881488, -0.0000000000000000, -0.0000000000000000, -0.0000000000000000, -0.0000000000000000, -0.0000000000000000, -0.0000000000000000, -0.0000000000000000, -0.0000000000000000, -0.0000000000000001, 0.5338593342274637, -0.0000000000000001, 0.5338593342274637, -0.0000000000000001, -0.5338593342274638, -0.0000000000000001, -0.5338593342274638
1.1000000000000001, 0.0000000000000000, 0.0000000000000000, 0.2000000000000000, 1.0000000000000000, 0.0000000000000000, 0.0000000000000000, 0.0000000000000000, 0.0000000000000000, 0.0000000000000000, 0.0000000000000000, 0.0000000000000000, 0.0000000000000000, 0.0000000000000000, 0.8883648438913904, -1.8161482537881488, 0.8883648438913904, -1.8161482537881488, -0.8883648438913901, 1.8161482537881488, -0.8883648438913901, 1.8161482537881488, -0.0000000000000000, -0.0000000000000000, -0.0000000000000000, -0.0000000000000000, -0.0000000000000000, -0.0000000000000000, -0.0000000000000000, -0.0000000000000000, -0.0000000000000001, 0.5338593342274637, -0.0000000000000001, 0.5338593342274637, -0.0000000000000001, -0.5338593342274638, -0.0000000000000001, -0.5338593342274638
1.1200000000000001, 0.0000000000000000, 0.0000000000000000, 0.2000000000000000, 1.0000000000000000, 0.0000000000000000, 0.0000000000000000, 0.0000000000000000, 0.0000000000000000, 0.0000000000000000, 0.0000000000000000, 0.0000000000000000, 0.0000000000000000, 0.0000000000000000, 0.8883648438913904, -1.8161482537881488, 0.8883648438913904, -1.8161482537881488, -0.8883648438913901, 1.8161482537881488, -0.8883648438913901, 1.8161482537881488, -0.0000000000000000, -0.0000000000000000, -0.0000000000000000, -0.0000000000000000, -0.0000000000000000, -0.0000000000000000, -0.0000000000000000, -0.0000000000000000, -0.0000000000000001, 0.5338593342274637, -0.0000000000000001, 0.5338593342274637, -0.0000000000000001, -0.5338593342274638, -0.0000000000000001, -0.5338593342274638
1.1400000000000001, 0.0000000000000000, 0.0000000000000000, 0.2000000000000000, 1.0000000000000000, 0.0000000000000000, 0.0000000000000000, 0.0000000000000000, 0.0000000000000000, 0.0000000000000000, 0.0000000000000000, 0.0000000000000000, 0.0000000000000000, 0.0000000000000000, 0.8883648438913904, -1.8161482537881488, 0.8883648438913904, -1.8161482537881488, -0.8883648438913901, 1.8161482537881488, -0.8883648438913901, 1.8161482537881488, -0.0000000000000000, -0.0000000000000000, -0.0000000000000000, -0.0000000000000000, -0.0000000000000000, -0.0000000000000000, -0.0000000000000000, -0.0000000000000000, -0.0000000000000001, 0.5338593342274637, -0.0000000000000001, 0.5338593342274637, -0.0000000000000001, -0.5338593342274638, -0.0000000000000001, -0.5338593342274638
1.1599999999999999, 0.0000000000000000, 0.0000000000000000, 0.2000000000000000, 1.0000000000000000, 0.0000000000000000, 0.0000000000000000, 0.0000000000000000, 0.0000000000000000, 0.0000000000000000, 0.0000000000000000, 0.0000000000000000, 0.0000000000000000, 0.0000000000000000, 0.8883648438913904, -1.8161482537881488, 0.8883648438913904, -1.8161482537881488, -0.8883648438913901, 1.8161482537881488, -0.8883648438913901, 1.8161482537881488, -0.0000000000000000, -0.0000000000000000, -0.0000000000000000, -0.0000000000000000, -0.0000000000000000, -0.0000000000000000, -0.0000000000000000, -0.0000000000000000, -0.0000000000000001, 0.5338593342274637, -0.0000000000000001, 0.5338593342274637, -0.0000000000000001, -0.5338593342274638, -0.0000000000000001, -0.5338593342274638
1.1799999999999999, 0.0000000000000000, 0.0000000000000000, 0.2000000000000000, 1.0000000000000000, 0.0000000000000000, 0.0000000000000000, 0.0000000000000000, 0.0000000000000000, 0.0000000000000000, 0.0000000000000000, 0.0000000000000000, 0.0000000000000000, 0.0000000000000000, 0.8883648438913904, -1.8161482537881488, 0.8883648438913904, -1.8161482537881488, -0.8883648438913901, 1.8161482537881488, -0.8883648438913901, 1.8161482537881488, -0.0000000000000000, -0.0000000000000000, -0.0000000000000000, -0.0000000000000000, -0.0000000000000000, -0.0000000000000000, -0.0000000000000000, -0.0000000000000000, -0.0000000000000001, 0.5338593342274637, -0.0000000000000001, 0.5338593342274637, -0.0000000000000001, -0.5338593342274638, -0.0000000000000001, -0.5338593342274638
1.2000000000000000, 0.0000000000000000, 0.0000000000000000, 0.2000000000000000, 1.0000000000000000, 0.0000000000000000, 0.0000000000000000, 0.0000000000000000, 0.0000000000000000, 0.0000000000000000, 0.0000000000000000, 0.0000000000000000, 0.0000000000000000, 0.0000000000000000, 0.8883648438913904, -1.8161482537881488, 0.8883648438913904, -1.8161482537881488, -0.8883648438913901, 1.8161482537881488, -0.8883648438913901, 1.8161482537881488, -0.0000000000000000, -0.0000000000000000, -0.0000000000000000, -0.0000000000000000, -0.0000000000000000, -0.0000000000000000, -0.0000000000000000, -0.0000000000000000, -0.0000000000000001, 0.5338593342274637, -0.0000000000000001, 0.5338593342274637, -0.0000000000000001, -0.5338593342274638, -0.0000000000000001, -0.5338593342274638
1.2200000000000000, 0.0000000000000000, 0.0000000000000000, 0.2000000000000000, 1.0000000000000000, 0.0000000000000000, 0.0000000000000000, 0.0000000000000000, 0.0000000000000000, 0.0000000000000000, 0.0000000000000000, 0.0000000000000000, 0.0000000000000000, 0.0000000000000000, 0.8883648438913904, -1.8161482537881488, 0.8883648438913904, -1.8161482537881488, -0.8883648438913901, 1.8161482537881488, -0.8883648438913901, 1.8161482537881488, -0.0000000000000000, -0.0000000000000000, -0.0000000000000000, -0.0000000000000000, -0.0000000000000000, -0.0000000000000000, -0.0000000000000000, -0.0000000000000000, -0.0000000000000001, 0.5338593342274637, -0.0000000000000001, 0.5338593342274637, -0.0000000000000001, -0.5338593342274638, -0.0000000000000001, -0.5338593342274638
1.2400000000000000, 0.0000000000000000, 0.0000000000000000, 0.2000000000000000, 1.0000000000000000, 0.0000000000000000, 0.0000000000000000, 0.0000000000000000, 0.0000000000000000, 0.0000000000000000, 0.0000000000000000, 0.0000000000000000, 0.0000000000000000, 0.0000000000000000, 0.8883648438913904, -1.8161482537881488, 0.8883648438913904, -1.8161482537881488, -0.8883648438913901, 1.8161482537881488, -0.8883648438913901, 1.8161482537881488, -0.0000000000000000, -0.0000000000000000, -0.0000000000000000, -0.0000000000000000, -0.0000000000000000, -0.0000000000000000, -0.0000000000000000, -0.0000000000000000, -0.0000000000000001, 0.5338593342274637, -0.0000000000000001, 0.5338593342274637, -0.0000000000000001, -0.5338593342274638, -0.0000000000000001, -0.5338593342274638
1.2600000000000000, 0.0000000000000000, 0.0000000000000000, 0.2000000000000000, 1.0000000000000000, 0.0000000000000000, 0.0000000000000000, 0.0000000000000000, 0.0000000000000000, 0.0000000000000000, 0.0000000000000000, 0.0000000000000000, 0.0000000000000000, 0.0000000000000000, 0.8883648438913904, -1.8161482537881488, 0.8883648438913904, -1.8161482537881488, -0.8883648438913901, 1.8161482537881488, -0.8883648438913901, 1.8161482537881488, -0.0000000000000000, -0.0000000000000000, -0.0000000000000000, -0.0000000000000000, -0.0000000000000000, -0.0000000000000000, -0.0000000000000000, -0.0000000000000000, -0.0000000000000001, 0.5338593342274637, -0.0000000000000001, 0.5338593342274637, -0.0000000000000001, -0.5338593342274638, -0.0000000000000001, -0.5338593342274638
1.2800000000000000, 0.0000000000000000, 0.0000000000000000, 0.2000000000000000, 1.0000000000000000, 0.0000000000000000, 0.0000000000000000, 0.0000000000000000, 0.0000000000000000, 0.0000000000000000, 0.0000000000000000, 0.0000000000000000, 0.0000000000000000, 0.0000000000000000, 0.8883648438913904, -1.8161482537881488, 0.8883648438913904, -1.8161482537881488, -0.8883648438913901, 1.8161482537881488, -0.8883648438913901, 1.8161482537881488, -0.0000000000000000, -0.0000000000000000, -0.0000000000000000, -0.0000000000000000, -0.0000000000000000, -0.0000000000000000, -0.0000000000000000, -0.0000000000000000, -0.0000000000000001, 0.5338593342274637, -0.0000000000000001, 0.5338593342274637, -0.0000000000000001, -0.5338593342274638, -0.0000000000000001, -0.5338593342274638
1.3000000000000000, 0.0000000000000000, 0.0000000000000000, 0.2000000000000000, 1.0000000000000000, 0.0000000000000000, 0.0000000000000000, 0.0000000000000000, 0.0000000000000000, 0.0000000000000000, 0.0000000000000000, 0.0000000000000000, 0.0000000000000000, 0.0000000000000000, 0.8883648438913904, -1.8161482537881488, 0.8883648438913904, -1.8161482537881488, -0.8883648438913901, 1.8161482537881488, -0.8883648438913901, 1.8161482537881488, -0.0000000000000000, -0.0000000000000000, -0.0000000000000000, -0.0000000000000000, -0.0000000000000000, -0.0000000000000000, -0.0000000000000000, -0.0000000000000000, -0.0000000000000001, 0.5338593342274637, -0.0000000000000001, 0.5338593342274637, -0.0000000000000001, -0.5338593342274638, -0.0000000000000001, -0.5338593342274638
1.3200000000000001, 0.0000000000000000, 0.0000000000000000, 0.2000000000000000, 1.0000000000000000, 0.0000000000000000, 0.0000000000000000, 0.0000000000000000, 0.0000000000000000, 0.0000000000000000, 0.0000000000000000, 0.0000000000000000, 0.0000000000000000, 0.0000000000000000, 0.8883648438913904, -1.8161482537881488, 0.8883648438913904, -1.8161482537881488, -0.8883648438913901, 1.8161482537881488, -0.8883648438913901, 1.8161482537881488, -0.0000000000000000, -0.0000000000000000, -0.0000000000000000, -0.0000000000000000, -0.0000000000000000, -0.0000000000000000, -0.0000000000000000, -0.0000000000000000, -0.0000000000000001, 0.5338593342274637, -0.0000000000000001, 0.5338593342274637, -0.0000000000000001, -0.5338593342274638, -0.0000000000000001, -0.5338593342274638
1.3400000000000001, 0.0000000000000000, 0.0000000000000000, 0.2000000000000000, 1.0000000000000000, 0.0000000000000000, 0.0000000000000000, 0.0000000000000000, 0.0000000000000000, 0.0000000000000000, 0.0000000000000000, 0.0000000000000000, 0.0000000000000000, 0.0000000000000000, 0.8883648438913904, -1.8161482537881488, 0.8883648438913904, -1.8161482537881488, -0.8883648438913901, 1.8161482537881488, -0.8883648438913901, 1.8161482537881488, -0.0000000000000000, -0.0000000000000000, -0.0000000000000000, -0.0000000000000000, -0.0000000000000000, -0.0000000000000000, -0.0000000000000000, -0.0000000000000000, -0.0000000000000001, 0.5338593342274637, -0.0000000000000001, 0.5338593342274637, -0.0000000000000001, -0.5338593342274638, -0.0000000000000001, -0.5338593342274638
1.3600000000000001, 0.0000000000000000, 0.0000000000000000, 0.2000000000000000, 1.0000000000000000, 0.0000000000000000, 0.0000000000000000, 0.0000000000000000, 0.0000000000000000, 0.0000000000000000, 0.0000000000000000, 0.0000000000000000, 0.0000000000000000, 0.0000000000000000, 0.8883648438913904, -1.8161482537881488, 0.8883648438913904, -1.8161482537881488, -0.8883648438913901, 1.8161482537881488, -0.8883648438913901, 1.8161482537881488, -0.0000000000000000, -0.0000000000000000, -0.0000000000000000, -0.0000000000000000, -0.0000000000000000, -0.0000000000000000, -0.0000000000000000, -0.0000000000000000, -0.0000000000000001, 0.5338593342274637, -0.0000000000000001, 0.5338593342274637, -0.0000000000000001, -0.5338593342274638, -0.0000000000000001, -0.5338593342274638
1.3800000000000001, 0.0000000000000000, 0.0000000000000000, 0.2000000000000000, 1.0000000000000000, 0.0000000000000000, 0.0000000000000000, 0.0000000000000000, 0.0000000000000000, 0.0000000000000000, 0.0000000000000000, 0.0000000000000000, 0.0000000000000000, 0.0000000000000000, 0.8883648438913904, -1.8161482537881488, 0.8883648438913904, -1.8161482537881488, -0.8883648438913901, 1.8161482537881488, -0.8883648438913901, 1.8161482537881488, -0.0000000000000000, -0.0000000000000000, -0.0000000000000000, -0.0000000000000000, -0.0000000000000000, -0.0000000000000000, -0.0000000000000000, -0.0000000000000000, -0.0000000000000001, 0.5338593342274637, -0.0000000000000001, 0.5338593342274637, -0.0000000000000001, -0.5338593342274638, -0.0000000000000001, -0.5338593342274638
1.4000000000000001, 0.0000000000000000, 0.0000000000000000, 0.2000000000000000, 1.0000000000000000, 0.0000000000000000, 0.0000000000000000, 0.0000000000000000, 0.0000000000000000, 0.0000000000000000, 0.0000000000000000, 0.0000000000000000, 0.0000000000000000, 0.0000000000000000, 0.8883648438913904, -1.8161482537881488, 0.8883648438913904, -1.8161482537881488, -0.8883648438913901, 1.8161482537881488, -0.8883648438913901, 1.8161482537881488, -0.0000000000000000, -0.0000000000000000, -0.0000000000000000, -0.0000000000000000, -0.0000000000000000, -0.0000000000000000, -0.0000000000000000, -0.0000000000000000, -0.0000000000000001, 0.5338593342274637, -0.0000000000000001, 0.5338593342274637, -0.0000000000000001, -0.5338593342274638, -0.0000000000000001, -0.5338593342274638
1.4199999999999999, 0.0000000000000000, 0.0000000000000000, 0.2000000000000000, 1.0000000000000000, 0.0000000000000000, 0.0000000000000000, 0.0000000000000000, 0.0000000000000000, 0.0000000000000000, 0.0000000000000000, 0.0000000000000000, 0.0000000000000000, 0.0000000000000000, 0.8883648438913904, -1.8161482537881488, 0.8883648438913904, -1.8161482537881488, -0.8883648438913901, 1.8161482537881488, -0.8883648438913901, 1.8161482537881488, -0.0000000000000000, -0.0000000000000000, -0.0000000000000000, -0.0000000000000000, -0.0000000000000000, -0.0000000000000000, -0.0000000000000000, -0.0000000000000000, -0.0000000000000001, 0.5338593342274637, -0.0000000000000001, 0.5338593342274637, -0.0000000000000001, -0.5338593342274638, -0.0000000000000001, -0.5338593342274638
1.4399999999999999, 0.0000000000000000, 0.0000000000000000, 0.2000000000000000, 1.0000000000000000, 0.0000000000000000, 0.0000000000000000, 0.0000000000000000, 0.0000000000000000, 0.0000000000000000, 0.0000000000000000, 0.0000000000000000, 0.0000000000000000, 0.0000000000000000, 0.8883648438913904, -1.8161482537881488, 0.8883648438913904, -1.8161482537881488, -0.8883648438913901, 1.8161482537881488, -0.8883648438913901, 1.8161482537881488, -0.0000000000000000, -0.0000000000000000, -0.0000000000000000, -0.0000000000000000, -0.0000000000000000, -0.0000000000000000, -0.0000000000000000, -0.0000000000000000, -0.0000000000000001, 0.5338593342274637, -0.0000000000000001, 0.5338593342274637, -0.0000000000000001, -0.5338593342274638, -0.0000000000000001, -0.5338593342274638
1.4600000000000000, 0.0000000000000000, 0.0000000000000000, 0.2000000000000000, 1.0000000000000000, 0.0000000000000000, 0.0000000000000000, 0.0000000000000000, 0.0000000000000000, 0.0000000000000000, 0.0000000000000000, 0.0000000000000000, 0.0000000000000000, 0.0000000000000000, 0.8883648438913904, -1.8161482537881488, 0.8883648438913904, -1.8161482537881488, -0.8883648438913901, 1.8161482537881488, -0.8883648438913901, 1.8161482537881488, -0.0000000000000000, -0.0000000000000000, -0.0000000000000000, -0.0000000000000000, -0.0000000000000000, -0.0000000000000000, -0.0000000000000000, -0.0000000000000000, -0.0000000000000001, 0.5338593342274637, -0.0000000000000001, 0.5338593342274637, -0.0000000000000001, -0.5338593342274638, -0.0000000000000001, -0.5338593342274638
1.4800000000000000, 0.0000000000000000, 0.0000000000000000, 0.2000000000000000, 1.0000000000000000, 0.0000000000000000, 0.0000000000000000, 0.0000000000000000, 0.0000000000000000, 0.0000000000000000, 0.0000000000000000, 0.0000000000000000, 0.0000000000000000, 0.0000000000000000, 0.8883648438913904, -1.8161482537881488, 0.8883648438913904, -1.8161482537881488, -0.8883648438913901, 1.8161482537881488, -0.8883648438913901, 1.8161482537881488, -0.0000000000000000, -0.0000000000000000, -0.0000000000000000, -0.0000000000000000, -0.0000000000000000, -0.0000000000000000, -0.0000000000000000, -0.0000000000000000, -0.0000000000000001, 0.5338593342274637, -0.0000000000000001, 0.5338593342274637, -0.0000000000000001, -0.5338593342274638, -0.0000000000000001, -0.5338593342274638
1.5000000000000000, 0.0000000000000000, 0.0000000000000000, 0.2000000000000000, 1.0000000000000000, 0.0000000000000000, 0.0000000000000000, 0.0000000000000000, 0.0000000000000000, 0.0000000000000000, 0.0000000000000000, 0.0000000000000000, 0.0000000000000000, 0.0000000000000000, 0.8883648438913904, -1.8161482537881488, 0.8883648438913904, -1.8161482537881488, -0.8883648438913901, 1.8161482537881488, -0.8883648438913901, 1.8161482537881488, -0.0000000000000000, -0.0000000000000000, -0.0000000000000000, -0.0000000000000000, -0.0000000000000000, -0.0000000000000000, -0.0000000000000000, -0.0000000000000000, -0.0000000000000001, 0.5338593342274637, -0.0000000000000001, 0.5338593342274637, -0.0000000000000001, -0.5338593342274638, -0.0000000000000001, -0.5338593342274638
1.5200000000000000, 0.0000000000000000, 0.0000000000000000, 0.2000000000000000, 1.0000000000000000, 0.0000000000000000, 0.0000000000000000, 0.0000000000000000, 0.0000000000000000, 0.0000000000000000, 0.0000000000000000, 0.0000000000000000, 0.0000000000000000, 0.0000000000000000, 0.8883648438913904, -1.8161482537881488, 0.8883648438913904, -1.8161482537881488, -0.8883648438913901, 1.8161482537881488, -0.8883648438913901, 1.8161482537881488, -0.0000000000000000, -0.0000000000000000, -0.0000000000000000, -0.0000000000000000, -0.0000000000000000, -0.0000000000000000, -0.0000000000000000, -0.0000000000000000, -0.0000000000000001, 0.5338593342274637, -0.0000000000000001, 0.5338593342274637, -0.0000000000000001, -0.5338593342274638, -0.0000000000000001, -0.5338593342274638
1.5400000000000000, 0.0000000000000000, 0.0000000000000000, 0.2000000000000000, 1.0000000000000000, 0.0000000000000000, 0.0000000000000000, 0.0000000000000000, 0.0000000000000000, 0.0000000000000000, 0.0000000000000000, 0.0000000000000000, 0.0000000000000000, 0.0000000000000000, 0.8883648438913904, -1.8161482537881488, 0.8883648438913904, -1.8161482537881488, -0.8883648438913901, 1.8161482537881488, -0.8883648438913901, 1.8161482537881488, -0.0000000000000000, -0.0000000000000000, -0.0000000000000000, -0.0000000000000000, -0.0000000000000000, -0.0000000000000000, -0.0000000000000000, -0.0000000000000000, -0.0000000000000001, 0.5338593342274637, -0.0000000000000001, 0.5338593342274637, -0.0000000000000001, -0.5338593342274638, -0.0000000000000001, -0.5338593342274638
1.5600000000000001, 0.0000000000000000, 0.0000000000000000, 0.2000000000000000, 1.0000000000000000, 0.0000000000000000, 0.0000000000000000, 0.0000000000000000, 0.0000000000000000, 0.0000000000000000, 0.0000000000000000, 0.0000000000000000, 0.0000000000000000, 0.0000000000000000, 0.8883648438913904, -1.8161482537881488, 0.8883648438913904, -1.8161482537881488, -0.8883648438913901, 1.8161482537881488, -0.8883648438913901, 1.8161482537881488, -0.0000000000000000, -0.0000000000000000, -0.0000000000000000, -0.0000000000000000, -0.0000000000000000, -0.0000000000000000, -0.0000000000000000, -0.0000000000000000, -0.0000000000000001, 0.5338593342274637, -0.0000000000000001, 0.5338593342274637, -0.0000000000000001, -0.5338593342274638, -0.0000000000000001, -0.5338593342274638
1.5800000000000001, 0.0000000000000000, 0.0000000000000000, 0.2000000000000000, 1.0000000000000000, 0.0000000000000000, 0.0000000000000000, 0.0000000000000000, 0.0000000000000000, 0.0000000000000000, 0.0000000000000000, 0.0000000000000000, 0.0000000000000000, 0.0000000000000000, 0.8883648438913904, -1.8161482537881488, 0.8883648438913904, -1.8161482537881488, -0.8883648438913901, 1.8161482537881488, -0.8883648438913901, 1.8161482537881488, -0.0000000000000000, -0.0000000000000000, -0.0000000000000000, -0.0000000000000000, -0.0000000000000000, -0.0000000000000000, -0.0000000000000000, -0.0000000000000000, -0.0000000000000001, 0.5338593342274637, -0.0000000000000001, 0.5338593342274637, -0.0000000000000001, -0.5338593342274638, -0.0000000000000001, -0.5338593342274638
1.6000000000000001, 0.0000000000000000, 0.0000000000000000, 0.2000000000000000, 1.0000000000000000, 0.0000000000000000, 0.0000000000000000, 0.0000000000000000, 0.0000000000000000, 0.0000000000000000, 0.0000000000000000, 0.0000000000000000, 0.0000000000000000, 0.0000000000000000, 0.8883648438913904, -1.8161482537881488, 0.8883648438913904, -1.8161482537881488, -0.8883648438913901, 1.8161482537881488, -0.8883648438913901, 1.8161482537881488, -0.0000000000000000, -0.0000000000000000, -0.0000000000000000, -0.0000000000000000, -0.0000000000000000, -0.0000000000000000, -0.0000000000000000, -0.0000000000000000, -0.0000000000000001, 0.5338593342274637, -0.0000000000000001, 0.5338593342274637, -0.0000000000000001, -0.5338593342274638, -0.0000000000000001, -0.5338593342274638
1.6200000000000001, 0.0000000000000000, 0.0000000000000000, 0.2000000000000000, 1.0000000000000000, 0.0000000000000000, 0.0000000000000000, 0.0000000000000000, 0.0000000000000000, 0.0000000000000000, 0.0000000000000000, 0.0000000000000000, 0.0000000000000000, 0.0000000000000000, 0.8883648438913904, -1.8161482537881488, 0.8883648438913904, -1.8161482537881488, -0.8883648438913901, 1.8161482537881488, -0.8883648438913901, 1.8161482537881488, -0.0000000000000000, -0.0000000000000000, -0.0000000000000000, -0.0000000000000000, -0.0000000000000000, -0.0000000000000000, -0.0000000000000000, -0.0000000000000000, -0.0000000000000001, 0.5338593342274637, -0.0000000000000001, 0.5338593342274637, -0.0000000000000001, -0.5338593342274638, -0.0000000000000001, -0.5338593342274638
1.6400000000000001, 0.0000000000000000, 0.0000000000000000, 0.2000000000000000, 1.0000000000000000, 0.0000000000000000, 0.0000000000000000, 0.0000000000000000, 0.0000000000000000, 0.0000000000000000, 0.0000000000000000, 0.0000000000000000, 0.0000000000000000, 0.0000000000000000, 0.8883648438913904, -1.8161482537881488, 0.8883648438913904, -1.8161482537881488, -0.8883648438913901, 1.8161482537881488, -0.8883648438913901, 1.8161482537881488, -0.0000000000000000, -0.0000000000000000, -0.0000000000000000, -0.0000000000000000, -0.0000000000000000, -0.0000000000000000, -0.0000000000000000, -0.0000000000000000, -0.0000000000000001, 0.5338593342274637, -0.0000000000000001, 0.5338593342274637, -0.0000000000000001, -0.5338593342274638, -0.0000000000000001, -0.5338593342274638
1.6600000000000001, 0.0000000000000000, 0.0000000000000000, 0.2000000000000000, 1.0000000000000000, 0.0000000000000000, 0.0000000000000000, 0.0000000000000000, 0.0000000000000000, 0.0000000000000000, 0.0000000000000000, 0.0000000000000000, 0.0000000000000000, 0.0000000000000000, 0.8883648438913904, -1.8161482537881488, 0.8883648438913904, -1.8161482537881488, -0.8883648438913901, 1.8161482537881488, -0.8883648438913901, 1.8161482537881488, -0.0000000000000000, -0.0000000000000000, -0.0000000000000000, -0.0000000000000000, -0.0000000000000000, -0.0000000000000000, -0.0000000000000000, -0.0000000000000000, -0.0000000000000001, 0.5338593342274637, -0.0000000000000001, 0.5338593342274637, -0.0000000000000001, -0.5338593342274638, -0.0000000000000001, -0.5338593342274638
1.6799999999999999, 0.0000000000000000, 0.0000000000000000, 0.2000000000000000, 1.0000000000000000, 0.0000000000000000, 0.0000000000000000, 0.0000000000000000, 0.0000000000000000, 0.0000000000000000, 0.0000000000000000, 0.0000000000000000, 0.0000000000000000, 0.0000000000000000, 0.8883648438913904, -1.8161482537881488, 0.8883648438913904, -1.8161482537881488, -0.8883648438913901, 1.8161482537881488, -0.8883648438913901, 1.8161482537881488, -0.0000000000000000, -0.0000000000000000, -0.0000000000000000, -0.0000000000000000, -0.0000000000000000, -0.0000000000000000, -0.0000000000000000, -0.0000000000000000, -0.0000000000000001, 0.5338593342274637, -0.0000000000000001, 0.5338593342274637, -0.0000000000000001, -0.5338593342274638, -0.0000000000000001, -0.5338593342274638
1.7000000000000000, 0.0000000000000000, 0.0000000000000000, 0.2000000000000000, 1.0000000000000000, 0.0000000000000000, 0.0000000000000000, 0.0000000000000000, 0.0000000000000000, 0.0000000000000000, 0.0000000000000000, 0.0000000000000000, 0.0000000000000000, 0.0000000000000000, 0.8883648438913904, -1.8161482537881488, 0.8883648438913904, -1.8161482537881488, -0.8883648438913901, 1.8161482537881488, -0.8883648438913901, 1.8161482537881488, -0.0000000000000000, -0.0000000000000000, -0.0000000000000000, -0.0000000000000000, -0.0000000000000000, -0.0000000000000000, -0.0000000000000000, -0.0000000000000000, -0.0000000000000001, 0.5338593342274637, -0.0000000000000001, 0.5338593342274637, -0.0000000000000001, -0.5338593342274638, -0.0000000000000001, -0.5338593342274638
1.7200000000000000, 0.0000000000000000, 0.0000000000000000, 0.2000000000000000, 1.0000000000000000, 0.0000000000000000, 0.0000000000000000, 0.0000000000000000, 0.0000000000000000, 0.0000000000000000, 0.0000000000000000, 0.0000000000000000, 0.0000000000000000, 0.0000000000000000, 0.8883648438913904, -1.8161482537881488, 0.8883648438913904, -1.8161482537881488, -0.8883648438913901, 1.8161482537881488, -0.8883648438913901, 1.8161482537881488, -0.0000000000000000, -0.0000000000000000, -0.0000000000000000, -0.0000000000000000, -0.0000000000000000, -0.0000000000000000, -0.0000000000000000, -0.0000000000000000, -0.0000000000000001, 0.5338593342274637, -0.0000000000000001, 0.5338593342274637, -0.0000000000000001, -0.5338593342274638, -0.0000000000000001, -0.5338593342274638
1.7400000000000000, 0.0000000000000000, 0.0000000000000000, 0.2000000000000000, 1.0000000000000000, 0.0000000000000000, 0.0000000000000000, 0.0000000000000000, 0.0000000000000000, 0.0000000000000000, 0.0000000000000000, 0.0000000000000000, 0.0000000000000000, 0.0000000000000000, 0.8883648438913904, -1.8161482537881488, 0.8883648438913904, -1.8161482537881488, -0.8883648438913901, 1.8161482537881488, -0.8883648438913901, 1.8161482537881488, -0.0000000000000000, -0.0000000000000000, -0.0000000000000000, -0.0000000000000000, -0.0000000000000000, -0.0000000000000000, -0.0000000000000000, -0.0000000000000000, -0.0000000000000001, 0.5338593342274637, -0.0000000000000001, 0.5338593342274637, -0.0000000000000001, -0.5338593342274638, -0.0000000000000001, -0.5338593342274638
1.7600000000000000, 0.0000000000000000, 0.0000000000000000, 0.2000000000000000, 1.0000000000000000, 0.0000000000000000, 0.0000000000000000, 0.0000000000000000, 0.0000000000000000, 0.0000000000000000, 0.0000000000000000, 0.0000000000000000, 0.0000000000000000, 0.0000000000000000, 0.8883648438913904, -1.8161482537881488, 0.8883648438913904, -1.8161482537881488, -0.8883648438913901, 1.8161482537881488, -0.8883648438913901, 1.8161482537881488, -0.0000000000000000, -0.0000000000000000, -0.0000000000000000, -0.0000000000000000, -0.0000000000000000, -0.0000000000000000, -0.0000000000000000, -0.0000000000000000, -0.0000000000000001, 0.5338593342274637, -0.0000000000000001, 0.5338593342274637, -0.0000000000000001, -0.5338593342274638, -0.0000000000000001, -0.5338593342274638
1.7800000000000000, 0.0000000000000000, 0.0000000000000000, 0.2000000000000000, 1.0000000000000000, 0.0000000000000000, 0.0000000000000000, 0.0000000000000000, 0.0000000000000000, 0.0000000000000000, 0.0000000000000000, 0.0000000000000000, 0.0000000000000000, 0.0000000000000000, 0.8883648438913904, -1.8161482537881488, 0.8883648438913904, -1.8161482537881488, -0.8883648438913901, 1.8161482537881488, -0.8883648438913901, 1.8161482537881488, -0.0000000000000000, -0.0000000000000000, -0.0000000000000000, -0.0000000000000000, -0.0000000000000000, -0.0000000000000000, -0.0000000000000000, -0.0000000000000000, -0.0000000000000001, 0.5338593342274637, -0.0000000000000001, 0.5338593342274637, -0.0000000000000001, -0.5338593342274638, -0.0000000000000001, -0.5338593342274638
1.8000000000000000, 0.0000000000000000, 0.0000000000000000, 0.2000000000000000, 1.0000000000000000, 0.0000000000000000, 0.0000000000000000, 0.0000000000000000, 0.0000000000000000, 0.0000000000000000, 0.0000000000000000, 0.0000000000000000, 0.0000000000000000, 0.0000000000000000, 0.8883648438913904, -1.8161482537881488, 0.8883648438913904, -1.8161482537881488, -0.8883648438913901, 1.8161482537881488, -0.8883648438913901, 1.8161482537881488, -0.0000000000000000, -0.0000000000000000, -0.0000000000000000, -0.0000000000000000, -0.0000000000000000, -0.0000000000000000, -0.0000000000000000, -0.0000000000000000, -0.0000000000000001, 0.5338593342274637, -0.0000000000000001, 0.5338593342274637, -0.0000000000000001, -0.5338593342274638, -0.0000000000000001, -0.5338593342274638
1.8200000000000001, 0.0000000000000000, 0.0000000000000000, 0.2000000000000000, 1.0000000000000000, 0.0000000000000000, 0.0000000000000000, 0.0000000000000000, 0.0000000000000000, 0.0000000000000000, 0.0000000000000000, 0.0000000000000000, 0.0000000000000000, 0.0000000000000000, 0.8883648438913904, -1.8161482537881488, 0.8883648438913904, -1.8161482537881488, -0.8883648438913901, 1.8161482537881488, -0.8883648438913901, 1.8161482537881488, -0.0000000000000000, -0.0000000000000000, -0.0000000000000000, -0.0000000000000000, -0.0000000000000000, -0.0000000000000000, -0.0000000000000000, -0.0000000000000000, -0.0000000000000001, 0.5338593342274637, -0.0000000000000001, 0.5338593342274637, -0.0000000000000001, -0.5338593342274638, -0.0000000000000001, -0.5338593342274638
1.8400000000000001, 0.0000000000000000, 0.0000000000000000, 0.2000000000000000, 1.0000000000000000, 0.0000000000000000, 0.0000000000000000, 0.0000000000000000, 0.0000000000000000, 0.0000000000000000, 0.0000000000000000, 0.0000000000000000, 0.0000000000000000, 0.0000000000000000, 0.8883648438913904, -1.8161482537881488, 0.8883648438913904, -1.8161482537881488, -0.8883648438913901, 1.8161482537881488, -0.8883648438913901, 1.8161482537881488, -0.0000000000000000, -0.0000000000000000, -0.0000000000000000, -0.0000000000000000, -0.0000000000000000, -0.0000000000000000, -0.0000000000000000, -0.0000000000000000, -0.0000000000000001, 0.5338593342274637, -0.0000000000000001, 0.5338593342274637, -0.0000000000000001, -0.5338593342274638, -0.0000000000000001, -0.5338593342274638
1.8600000000000001, 0.0000000000000000, 0.0000000000000000, 0.2000000000000000, 1.0000000000000000, 0.0000000000000000, 0.0000000000000000, 0.0000000000000000, 0.0000000000000000, 0.0000000000000000, 0.0000000000000000, 0.0000000000000000, 0.0000000000000000, 0.0000000000000000, 0.8883648438913904, -1.8161482537881488, 0.8883648438913904, -1.8161482537881488, -0.8883648438913901, 1.8161482537881488, -0.8883648438913901, 1.8161482537881488, -0.0000000000000000, -0.0000000000000000, -0.0000000000000000, -0.0000000000000000, -0.0000000000000000, -0.0000000000000000, -0.0000000000000000, -0.0000000000000000, -0.0000000000000001, 0.5338593342274637, -0.0000000000000001, 0.5338593342274637, -0.0000000000000001, -0.5338593342274638, -0.0000000000000001, -0.5338593342274638
1.8800000000000001, 0.0000000000000000, 0.0000000000000000, 0.2000000000000000, 1.0000000000000000, 0.0000000000000000, 0.0000000000000000, 0.0000000000000000, 0.0000000000000000, 0.0000000000000000, 0.0000000000000000, 0.0000000000000000, 0.0000000000000000, 0.0000000000000000, 0.8883648438913904, -1.8161482537881488, 0.8883648438913904, -1.8161482537881488, -0.8883648438913901, 1.8161482537881488, -0.8883648438913901, 1.8161482537881488, -0.0000000000000000, -0.0000000000000000, -0.0000000000000000, -0.0000000000000000, -0.0000000000000000, -0.0000000000000000, -0.0000000000000000, -0.0000000000000000, -0.0000000000000001, 0.5338593342274637, -0.0000000000000001, 0.5338593342274637, -0.0000000000000001, -0.5338593342274638, -0.0000000000000001, -0.5338593342274638
1.9000000000000001, 0.0000000000000000, 0.0000000000000000, 0.2000000000000000, 1.0000000000000000, 0.0000000000000000, 0.0000000000000000, 0.0000000000000000, 0.0000000000000000, 0.0000000000000000, 0.0000000000000000, 0.0000000000000000, 0.0000000000000000, 0.0000000000000000, 0.8883648438913904, -1.8161482537881488, 0.8883648438913904, -1.8161482537881488, -0.8883648438913901, 1.8161482537881488, -0.8883648438913901, 1.8161482537881488, -0.0000000000000000, -0.0000000000000000, -0.0000000000000000, -0.0000000000000000, -0.0000000000000000, -0.0000000000000000, -0.0000000000000000, -0.0000000000000000, -0.0000000000000001, 0.5338593342274637, -0.0000000000000001, 0.5338593342274637, -0.0000000000000001, -0.5338593342274638, -0.0000000000000001, -0.5338593342274638
1.9199999999999999, 0.0000000000000000, 0.0000000000000000, 0.2000000000000000, 1.0000000000000000, 0.0000000000000000, 0.0000000000000000, 0.0000000000000000, 0.0000000000000000, 0.0000000000000000, 0.0000000000000000, 0.0000000000000000, 0.0000000000000000, 0.0000000000000000, 0.8883648438913904, -1.8161482537881488, 0.8883648438913904, -1.8161482537881488, -0.8883648438913901, 1.8161482537881488, -0.8883648438913901, 1.8161482537881488, -0.0000000000000000, -0.0000000000000000, -0.0000000000000000, -0.0000000000000000, -0.0000000000000000, -0.0000000000000000, -0.0000000000000000, -0.0000000000000000, -0.0000000000000001, 0.5338593342274637, -0.0000000000000001, 0.5338593342274637, -0.0000000000000001, -0.5338593342274638, -0.0000000000000001, -0.5338593342274638
1.9399999999999999, 0.0000000000000000, 0.0000000000000000, 0.2000000000000000, 1.0000000000000000, 0.0000000000000000, 0.0000000000000000, 0.0000000000000000, 0.0000000000000000, 0.0000000000000000, 0.0000000000000000, 0.0000000000000000, 0.0000000000000000, 0.0000000000000000, 0.8883648438913904, -1.8161482537881488, 0.8883648438913904, -1.8161482537881488, -0.8883648438913901, 1.8161482537881488, -0.8883648438913901, 1.8161482537881488, -0.0000000000000000, -0.0000000000000000, -0.0000000000000000, -0.0000000000000000, -0.0000000000000000, -0.0000000000000000, -0.0000000000000000, -0.0000000000000000, -0.0000000000000001, 0.5338593342274637, -0.0000000000000001, 0.5338593342274637, -0.0000000000000001, -0.5338593342274638, -0.0000000000000001, -0.5338593342274638
1.9600000000000000, 0.0000000000000000, 0.0000000000000000, 0.2000000000000000, 1.0000000000000000, 0.0000000000000000, 0.0000000000000000, 0.0000000000000000, 0.0000000000000000, 0.0000000000000000, 0.0000000000000000, 0.0000000000000000, 0.0000000000000000, 0.0000000000000000, 0.8883648438913904, -1.8161482537881488, 0.8883648438913904, -1.8161482537881488, -0.8883648438913901, 1.8161482537881488, -0.8883648438913901, 1.8161482537881488, -0.0000000000000000, -0.0000000000000000, -0.0000000000000000, -0.0000000000000000, -0.0000000000000000, -0.0000000000000000, -0.0000000000000000, -0.0000000000000000, -0.0000000000000001, 0.5338593342274637, -0.0000000000000001, 0.5338593342274637, -0.0000000000000001, -0.5338593342274638, -0.0000000000000001, -0.5338593342274638
1.9800000000000000, 0.0000000000000000, 0.0000000000000000, 0.2000000000000000, 1.0000000000000000, 0.0000000000000000, 0.0000000000000000, 0.0000000000000000, 0.0000000000000000, 0.0000000000000000, 0.0000000000000000, 0.0000000000000000, 0.0000000000000000, 0.0000000000000000, 0.8883648438913904, -1.8161482537881488, 0.8883648438913904, -1.8161482537881488, -0.8883648438913901, 1.8161482537881488, -0.8883648438913901, 1.8161482537881488, -0.0000000000000000, -0.0000000000000000, -0.0000000000000000, -0.0000000000000000, -0.0000000000000000, -0.0000000000000000, -0.0000000000000000, -0.0000000000000000, -0.0000000000000001, 0.5338593342274637, -0.0000000000000001, 0.5338593342274637, -0.0000000000000001, -0.5338593342274638, -0.0000000000000001, -0.5338593342274638
2.0000000000000000, 0.0000000000000000, 0.0000000000000000, 0.2000000000000000, 1.0000000000000000, 0.0000000000000000, 0.0000000000000000, 0.0000000000000000, 0.0000000000000000, 0.0000000000000000, 0.0000000000000000, 0.0000000000000000, 0.0000000000000000, 0.0000000000000000, 0.8883648438913904, -1.8161482537881488, 0.8883648438913904, -1.8161482537881488, -0.8883648438913901, 1.8161482537881488, -0.8883648438913901, 1.8161482537881488, -0.0000000000000000, -0.0000000000000000, -0.0000000000000000, -0.0000000000000000, -0.0000000000000000, -0.0000000000000000, -0.0000000000000000, -0.0000000000000000, -0.0000000000000001, 0.5338593342274637, -0.0000000000000001, 0.5338593342274637, -0.0000000000000001, -0.5338593342274638, -0.0000000000000001, -0.5338593342274638
